128,64,32,16,8,4,2,1,,,,,,,,,,128,,,C i + 1,,,,,,,,,,128,64,32,16,8,4,2,1,,,,,,,,,,
x1,x2,x3,x4,x5,x6,x7,x8,Addition,y1,y2,y3,y4,y5,y6,y7,y8,,,,c1,c2,c3,c4,c5,c6,c7,c8,c,,s1,s2,s3,s4,s5,s6,s7,s8,,,,,,,,,,
FALSE,FALSE,FALSE,FALSE,FALSE,FALSE,FALSE,FALSE,,FALSE,TRUE,FALSE,FALSE,FALSE,FALSE,FALSE,FALSE,,,,FALSE,FALSE,FALSE,FALSE,FALSE,FALSE,FALSE,FALSE,FALSE,,FALSE,TRUE,FALSE,FALSE,FALSE,FALSE,FALSE,FALSE,,,,,,,,,,
FALSE,FALSE,FALSE,FALSE,FALSE,FALSE,FALSE,TRUE,,FALSE,TRUE,FALSE,FALSE,FALSE,FALSE,FALSE,FALSE,,,,FALSE,FALSE,FALSE,FALSE,FALSE,FALSE,FALSE,FALSE,FALSE,,FALSE,TRUE,FALSE,FALSE,FALSE,FALSE,FALSE,TRUE,,,,,,,,,,
FALSE,FALSE,FALSE,FALSE,FALSE,FALSE,TRUE,FALSE,,FALSE,TRUE,FALSE,FALSE,FALSE,FALSE,FALSE,FALSE,,,,FALSE,FALSE,FALSE,FALSE,FALSE,FALSE,FALSE,FALSE,FALSE,,FALSE,TRUE,FALSE,FALSE,FALSE,FALSE,TRUE,FALSE,,,,,,,,,,
FALSE,FALSE,FALSE,FALSE,FALSE,FALSE,TRUE,TRUE,,FALSE,TRUE,FALSE,FALSE,FALSE,FALSE,FALSE,FALSE,,,,FALSE,FALSE,FALSE,FALSE,FALSE,FALSE,FALSE,FALSE,FALSE,,FALSE,TRUE,FALSE,FALSE,FALSE,FALSE,TRUE,TRUE,,,,,,,,,,
FALSE,FALSE,FALSE,FALSE,FALSE,TRUE,FALSE,FALSE,,FALSE,TRUE,FALSE,FALSE,FALSE,FALSE,FALSE,FALSE,,,,FALSE,FALSE,FALSE,FALSE,FALSE,FALSE,FALSE,FALSE,FALSE,,FALSE,TRUE,FALSE,FALSE,FALSE,TRUE,FALSE,FALSE,,,,,,,,,,
FALSE,FALSE,FALSE,FALSE,FALSE,TRUE,FALSE,TRUE,,FALSE,TRUE,FALSE,FALSE,FALSE,FALSE,FALSE,FALSE,,,,FALSE,FALSE,FALSE,FALSE,FALSE,FALSE,FALSE,FALSE,FALSE,,FALSE,TRUE,FALSE,FALSE,FALSE,TRUE,FALSE,TRUE,,0,0,0,0,0,0,0,1,0
FALSE,FALSE,FALSE,FALSE,FALSE,TRUE,TRUE,FALSE,,FALSE,TRUE,FALSE,FALSE,FALSE,FALSE,FALSE,FALSE,,,,FALSE,FALSE,FALSE,FALSE,FALSE,FALSE,FALSE,FALSE,FALSE,,FALSE,TRUE,FALSE,FALSE,FALSE,TRUE,TRUE,FALSE,,,,,,,,,,
FALSE,FALSE,FALSE,FALSE,FALSE,TRUE,TRUE,TRUE,,FALSE,TRUE,FALSE,FALSE,FALSE,FALSE,FALSE,FALSE,,,,FALSE,FALSE,FALSE,FALSE,FALSE,FALSE,FALSE,FALSE,FALSE,,FALSE,TRUE,FALSE,FALSE,FALSE,TRUE,TRUE,TRUE,,,,,,,,,,
FALSE,FALSE,FALSE,FALSE,TRUE,FALSE,FALSE,FALSE,,FALSE,TRUE,FALSE,FALSE,FALSE,FALSE,FALSE,FALSE,,,,FALSE,FALSE,FALSE,FALSE,FALSE,FALSE,FALSE,FALSE,FALSE,,FALSE,TRUE,FALSE,FALSE,TRUE,FALSE,FALSE,FALSE,,,,,,,,,,
FALSE,FALSE,FALSE,FALSE,TRUE,FALSE,FALSE,TRUE,,FALSE,TRUE,FALSE,FALSE,FALSE,FALSE,FALSE,FALSE,,,,FALSE,FALSE,FALSE,FALSE,FALSE,FALSE,FALSE,FALSE,FALSE,,FALSE,TRUE,FALSE,FALSE,TRUE,FALSE,FALSE,TRUE,,,,,,,,,,
FALSE,FALSE,FALSE,FALSE,TRUE,FALSE,TRUE,FALSE,,FALSE,TRUE,FALSE,FALSE,FALSE,FALSE,FALSE,FALSE,,,,FALSE,FALSE,FALSE,FALSE,FALSE,FALSE,FALSE,FALSE,FALSE,,FALSE,TRUE,FALSE,FALSE,TRUE,FALSE,TRUE,FALSE,,,,,,,,,,
FALSE,FALSE,FALSE,FALSE,TRUE,FALSE,TRUE,TRUE,,FALSE,TRUE,FALSE,FALSE,FALSE,FALSE,FALSE,FALSE,,,,FALSE,FALSE,FALSE,FALSE,FALSE,FALSE,FALSE,FALSE,FALSE,,FALSE,TRUE,FALSE,FALSE,TRUE,FALSE,TRUE,TRUE,,,,,,,,,,
FALSE,FALSE,FALSE,FALSE,TRUE,TRUE,FALSE,FALSE,,FALSE,TRUE,FALSE,FALSE,FALSE,FALSE,FALSE,FALSE,,,,FALSE,FALSE,FALSE,FALSE,FALSE,FALSE,FALSE,FALSE,FALSE,,FALSE,TRUE,FALSE,FALSE,TRUE,TRUE,FALSE,FALSE,,,,,,,,,,
FALSE,FALSE,FALSE,FALSE,TRUE,TRUE,FALSE,TRUE,,FALSE,TRUE,FALSE,FALSE,FALSE,FALSE,FALSE,FALSE,,,,FALSE,FALSE,FALSE,FALSE,FALSE,FALSE,FALSE,FALSE,FALSE,,FALSE,TRUE,FALSE,FALSE,TRUE,TRUE,FALSE,TRUE,,,,,,,,,,
FALSE,FALSE,FALSE,FALSE,TRUE,TRUE,TRUE,FALSE,,FALSE,TRUE,FALSE,FALSE,FALSE,FALSE,FALSE,FALSE,,,,FALSE,FALSE,FALSE,FALSE,FALSE,FALSE,FALSE,FALSE,FALSE,,FALSE,TRUE,FALSE,FALSE,TRUE,TRUE,TRUE,FALSE,,,,,,,,,,
FALSE,FALSE,FALSE,FALSE,TRUE,TRUE,TRUE,TRUE,,FALSE,TRUE,FALSE,FALSE,FALSE,FALSE,FALSE,FALSE,,,,FALSE,FALSE,FALSE,FALSE,FALSE,FALSE,FALSE,FALSE,FALSE,,FALSE,TRUE,FALSE,FALSE,TRUE,TRUE,TRUE,TRUE,,,,,,,,,,
FALSE,FALSE,FALSE,TRUE,FALSE,FALSE,FALSE,FALSE,,FALSE,TRUE,FALSE,FALSE,FALSE,FALSE,FALSE,FALSE,,,,FALSE,FALSE,FALSE,FALSE,FALSE,FALSE,FALSE,FALSE,FALSE,,FALSE,TRUE,FALSE,TRUE,FALSE,FALSE,FALSE,FALSE,,,,,,,,,,
FALSE,FALSE,FALSE,TRUE,FALSE,FALSE,FALSE,TRUE,,FALSE,TRUE,FALSE,FALSE,FALSE,FALSE,FALSE,FALSE,,,,FALSE,FALSE,FALSE,FALSE,FALSE,FALSE,FALSE,FALSE,FALSE,,FALSE,TRUE,FALSE,TRUE,FALSE,FALSE,FALSE,TRUE,,,,,,,,,,
FALSE,FALSE,FALSE,TRUE,FALSE,FALSE,TRUE,FALSE,,FALSE,TRUE,FALSE,FALSE,FALSE,FALSE,FALSE,FALSE,,,,FALSE,FALSE,FALSE,FALSE,FALSE,FALSE,FALSE,FALSE,FALSE,,FALSE,TRUE,FALSE,TRUE,FALSE,FALSE,TRUE,FALSE,,,,,,,,,,
FALSE,FALSE,FALSE,TRUE,FALSE,FALSE,TRUE,TRUE,,FALSE,TRUE,FALSE,FALSE,FALSE,FALSE,FALSE,FALSE,,,,FALSE,FALSE,FALSE,FALSE,FALSE,FALSE,FALSE,FALSE,FALSE,,FALSE,TRUE,FALSE,TRUE,FALSE,FALSE,TRUE,TRUE,,,,,,,,,,
FALSE,FALSE,FALSE,TRUE,FALSE,TRUE,FALSE,FALSE,,FALSE,TRUE,FALSE,FALSE,FALSE,FALSE,FALSE,FALSE,,,,FALSE,FALSE,FALSE,FALSE,FALSE,FALSE,FALSE,FALSE,FALSE,,FALSE,TRUE,FALSE,TRUE,FALSE,TRUE,FALSE,FALSE,,,,,,,,,,
FALSE,FALSE,FALSE,TRUE,FALSE,TRUE,FALSE,TRUE,,FALSE,TRUE,FALSE,FALSE,FALSE,FALSE,FALSE,FALSE,,,,FALSE,FALSE,FALSE,FALSE,FALSE,FALSE,FALSE,FALSE,FALSE,,FALSE,TRUE,FALSE,TRUE,FALSE,TRUE,FALSE,TRUE,,,,,,,,,,
FALSE,FALSE,FALSE,TRUE,FALSE,TRUE,TRUE,FALSE,,FALSE,TRUE,FALSE,FALSE,FALSE,FALSE,FALSE,FALSE,,,,FALSE,FALSE,FALSE,FALSE,FALSE,FALSE,FALSE,FALSE,FALSE,,FALSE,TRUE,FALSE,TRUE,FALSE,TRUE,TRUE,FALSE,,,,,,,,,,
FALSE,FALSE,FALSE,TRUE,FALSE,TRUE,TRUE,TRUE,,FALSE,TRUE,FALSE,FALSE,FALSE,FALSE,FALSE,FALSE,,,,FALSE,FALSE,FALSE,FALSE,FALSE,FALSE,FALSE,FALSE,FALSE,,FALSE,TRUE,FALSE,TRUE,FALSE,TRUE,TRUE,TRUE,,,,,,,,,,
FALSE,FALSE,FALSE,TRUE,TRUE,FALSE,FALSE,FALSE,,FALSE,TRUE,FALSE,FALSE,FALSE,FALSE,FALSE,FALSE,,,,FALSE,FALSE,FALSE,FALSE,FALSE,FALSE,FALSE,FALSE,FALSE,,FALSE,TRUE,FALSE,TRUE,TRUE,FALSE,FALSE,FALSE,,,,,,,,,,
FALSE,FALSE,FALSE,TRUE,TRUE,FALSE,FALSE,TRUE,,FALSE,TRUE,FALSE,FALSE,FALSE,FALSE,FALSE,FALSE,,,,FALSE,FALSE,FALSE,FALSE,FALSE,FALSE,FALSE,FALSE,FALSE,,FALSE,TRUE,FALSE,TRUE,TRUE,FALSE,FALSE,TRUE,,,,,,,,,,
FALSE,FALSE,FALSE,TRUE,TRUE,FALSE,TRUE,FALSE,,FALSE,TRUE,FALSE,FALSE,FALSE,FALSE,FALSE,FALSE,,,,FALSE,FALSE,FALSE,FALSE,FALSE,FALSE,FALSE,FALSE,FALSE,,FALSE,TRUE,FALSE,TRUE,TRUE,FALSE,TRUE,FALSE,,,,,,,,,,
FALSE,FALSE,FALSE,TRUE,TRUE,FALSE,TRUE,TRUE,,FALSE,TRUE,FALSE,FALSE,FALSE,FALSE,FALSE,FALSE,,,,FALSE,FALSE,FALSE,FALSE,FALSE,FALSE,FALSE,FALSE,FALSE,,FALSE,TRUE,FALSE,TRUE,TRUE,FALSE,TRUE,TRUE,,,,,,,,,,
FALSE,FALSE,FALSE,TRUE,TRUE,TRUE,FALSE,FALSE,,FALSE,TRUE,FALSE,FALSE,FALSE,FALSE,FALSE,FALSE,,,,FALSE,FALSE,FALSE,FALSE,FALSE,FALSE,FALSE,FALSE,FALSE,,FALSE,TRUE,FALSE,TRUE,TRUE,TRUE,FALSE,FALSE,,,,,,,,,,
FALSE,FALSE,FALSE,TRUE,TRUE,TRUE,FALSE,TRUE,,FALSE,TRUE,FALSE,FALSE,FALSE,FALSE,FALSE,FALSE,,,,FALSE,FALSE,FALSE,FALSE,FALSE,FALSE,FALSE,FALSE,FALSE,,FALSE,TRUE,FALSE,TRUE,TRUE,TRUE,FALSE,TRUE,,,,,,,,,,
FALSE,FALSE,FALSE,TRUE,TRUE,TRUE,TRUE,FALSE,,FALSE,TRUE,FALSE,FALSE,FALSE,FALSE,FALSE,FALSE,,,,FALSE,FALSE,FALSE,FALSE,FALSE,FALSE,FALSE,FALSE,FALSE,,FALSE,TRUE,FALSE,TRUE,TRUE,TRUE,TRUE,FALSE,,,,,,,,,,
FALSE,FALSE,FALSE,TRUE,TRUE,TRUE,TRUE,TRUE,,FALSE,TRUE,FALSE,FALSE,FALSE,FALSE,FALSE,FALSE,,,,FALSE,FALSE,FALSE,FALSE,FALSE,FALSE,FALSE,FALSE,FALSE,,FALSE,TRUE,FALSE,TRUE,TRUE,TRUE,TRUE,TRUE,,,,,,,,,,
FALSE,FALSE,TRUE,FALSE,FALSE,FALSE,FALSE,FALSE,,FALSE,TRUE,FALSE,FALSE,FALSE,FALSE,FALSE,FALSE,,,,FALSE,FALSE,FALSE,FALSE,FALSE,FALSE,FALSE,FALSE,FALSE,,FALSE,TRUE,TRUE,FALSE,FALSE,FALSE,FALSE,FALSE,,,,,,,,,,
FALSE,FALSE,TRUE,FALSE,FALSE,FALSE,FALSE,TRUE,,FALSE,TRUE,FALSE,FALSE,FALSE,FALSE,FALSE,FALSE,,,,FALSE,FALSE,FALSE,FALSE,FALSE,FALSE,FALSE,FALSE,FALSE,,FALSE,TRUE,TRUE,FALSE,FALSE,FALSE,FALSE,TRUE,,,,,,,,,,
FALSE,FALSE,TRUE,FALSE,FALSE,FALSE,TRUE,FALSE,,FALSE,TRUE,FALSE,FALSE,FALSE,FALSE,FALSE,FALSE,,,,FALSE,FALSE,FALSE,FALSE,FALSE,FALSE,FALSE,FALSE,FALSE,,FALSE,TRUE,TRUE,FALSE,FALSE,FALSE,TRUE,FALSE,,,,,,,,,,
FALSE,FALSE,TRUE,FALSE,FALSE,FALSE,TRUE,TRUE,,FALSE,TRUE,FALSE,FALSE,FALSE,FALSE,FALSE,FALSE,,,,FALSE,FALSE,FALSE,FALSE,FALSE,FALSE,FALSE,FALSE,FALSE,,FALSE,TRUE,TRUE,FALSE,FALSE,FALSE,TRUE,TRUE,,,,,,,,,,
FALSE,FALSE,TRUE,FALSE,FALSE,TRUE,FALSE,FALSE,,FALSE,TRUE,FALSE,FALSE,FALSE,FALSE,FALSE,FALSE,,,,FALSE,FALSE,FALSE,FALSE,FALSE,FALSE,FALSE,FALSE,FALSE,,FALSE,TRUE,TRUE,FALSE,FALSE,TRUE,FALSE,FALSE,,,,,,,,,,
FALSE,FALSE,TRUE,FALSE,FALSE,TRUE,FALSE,TRUE,,FALSE,TRUE,FALSE,FALSE,FALSE,FALSE,FALSE,FALSE,,,,FALSE,FALSE,FALSE,FALSE,FALSE,FALSE,FALSE,FALSE,FALSE,,FALSE,TRUE,TRUE,FALSE,FALSE,TRUE,FALSE,TRUE,,,,,,,,,,
FALSE,FALSE,TRUE,FALSE,FALSE,TRUE,TRUE,FALSE,,FALSE,TRUE,FALSE,FALSE,FALSE,FALSE,FALSE,FALSE,,,,FALSE,FALSE,FALSE,FALSE,FALSE,FALSE,FALSE,FALSE,FALSE,,FALSE,TRUE,TRUE,FALSE,FALSE,TRUE,TRUE,FALSE,,,,,,,,,,
FALSE,FALSE,TRUE,FALSE,FALSE,TRUE,TRUE,TRUE,,FALSE,TRUE,FALSE,FALSE,FALSE,FALSE,FALSE,FALSE,,,,FALSE,FALSE,FALSE,FALSE,FALSE,FALSE,FALSE,FALSE,FALSE,,FALSE,TRUE,TRUE,FALSE,FALSE,TRUE,TRUE,TRUE,,,,,,,,,,
FALSE,FALSE,TRUE,FALSE,TRUE,FALSE,FALSE,FALSE,,FALSE,TRUE,FALSE,FALSE,FALSE,FALSE,FALSE,FALSE,,,,FALSE,FALSE,FALSE,FALSE,FALSE,FALSE,FALSE,FALSE,FALSE,,FALSE,TRUE,TRUE,FALSE,TRUE,FALSE,FALSE,FALSE,,,,,,,,,,
FALSE,FALSE,TRUE,FALSE,TRUE,FALSE,FALSE,TRUE,,FALSE,TRUE,FALSE,FALSE,FALSE,FALSE,FALSE,FALSE,,,,FALSE,FALSE,FALSE,FALSE,FALSE,FALSE,FALSE,FALSE,FALSE,,FALSE,TRUE,TRUE,FALSE,TRUE,FALSE,FALSE,TRUE,,,,,,,,,,
FALSE,FALSE,TRUE,FALSE,TRUE,FALSE,TRUE,FALSE,,FALSE,TRUE,FALSE,FALSE,FALSE,FALSE,FALSE,FALSE,,,,FALSE,FALSE,FALSE,FALSE,FALSE,FALSE,FALSE,FALSE,FALSE,,FALSE,TRUE,TRUE,FALSE,TRUE,FALSE,TRUE,FALSE,,,,,,,,,,
FALSE,FALSE,TRUE,FALSE,TRUE,FALSE,TRUE,TRUE,,FALSE,TRUE,FALSE,FALSE,FALSE,FALSE,FALSE,FALSE,,,,FALSE,FALSE,FALSE,FALSE,FALSE,FALSE,FALSE,FALSE,FALSE,,FALSE,TRUE,TRUE,FALSE,TRUE,FALSE,TRUE,TRUE,,,,,,,,,,
FALSE,FALSE,TRUE,FALSE,TRUE,TRUE,FALSE,FALSE,,FALSE,TRUE,FALSE,FALSE,FALSE,FALSE,FALSE,FALSE,,,,FALSE,FALSE,FALSE,FALSE,FALSE,FALSE,FALSE,FALSE,FALSE,,FALSE,TRUE,TRUE,FALSE,TRUE,TRUE,FALSE,FALSE,,,,,,,,,,
FALSE,FALSE,TRUE,FALSE,TRUE,TRUE,FALSE,TRUE,,FALSE,TRUE,FALSE,FALSE,FALSE,FALSE,FALSE,FALSE,,,,FALSE,FALSE,FALSE,FALSE,FALSE,FALSE,FALSE,FALSE,FALSE,,FALSE,TRUE,TRUE,FALSE,TRUE,TRUE,FALSE,TRUE,,,,,,,,,,
FALSE,FALSE,TRUE,FALSE,TRUE,TRUE,TRUE,FALSE,,FALSE,TRUE,FALSE,FALSE,FALSE,FALSE,FALSE,FALSE,,,,FALSE,FALSE,FALSE,FALSE,FALSE,FALSE,FALSE,FALSE,FALSE,,FALSE,TRUE,TRUE,FALSE,TRUE,TRUE,TRUE,FALSE,,,,,,,,,,
FALSE,FALSE,TRUE,FALSE,TRUE,TRUE,TRUE,TRUE,,FALSE,TRUE,FALSE,FALSE,FALSE,FALSE,FALSE,FALSE,,,,FALSE,FALSE,FALSE,FALSE,FALSE,FALSE,FALSE,FALSE,FALSE,,FALSE,TRUE,TRUE,FALSE,TRUE,TRUE,TRUE,TRUE,,,,,,,,,,
FALSE,FALSE,TRUE,TRUE,FALSE,FALSE,FALSE,FALSE,,FALSE,TRUE,FALSE,FALSE,FALSE,FALSE,FALSE,FALSE,,,,FALSE,FALSE,FALSE,FALSE,FALSE,FALSE,FALSE,FALSE,FALSE,,FALSE,TRUE,TRUE,TRUE,FALSE,FALSE,FALSE,FALSE,,,,,,,,,,
FALSE,FALSE,TRUE,TRUE,FALSE,FALSE,FALSE,TRUE,,FALSE,TRUE,FALSE,FALSE,FALSE,FALSE,FALSE,FALSE,,,,FALSE,FALSE,FALSE,FALSE,FALSE,FALSE,FALSE,FALSE,FALSE,,FALSE,TRUE,TRUE,TRUE,FALSE,FALSE,FALSE,TRUE,,,,,,,,,,
FALSE,FALSE,TRUE,TRUE,FALSE,FALSE,TRUE,FALSE,,FALSE,TRUE,FALSE,FALSE,FALSE,FALSE,FALSE,FALSE,,,,FALSE,FALSE,FALSE,FALSE,FALSE,FALSE,FALSE,FALSE,FALSE,,FALSE,TRUE,TRUE,TRUE,FALSE,FALSE,TRUE,FALSE,,,,,,,,,,
FALSE,FALSE,TRUE,TRUE,FALSE,FALSE,TRUE,TRUE,,FALSE,TRUE,FALSE,FALSE,FALSE,FALSE,FALSE,FALSE,,,,FALSE,FALSE,FALSE,FALSE,FALSE,FALSE,FALSE,FALSE,FALSE,,FALSE,TRUE,TRUE,TRUE,FALSE,FALSE,TRUE,TRUE,,,,,,,,,,
FALSE,FALSE,TRUE,TRUE,FALSE,TRUE,FALSE,FALSE,,FALSE,TRUE,FALSE,FALSE,FALSE,FALSE,FALSE,FALSE,,,,FALSE,FALSE,FALSE,FALSE,FALSE,FALSE,FALSE,FALSE,FALSE,,FALSE,TRUE,TRUE,TRUE,FALSE,TRUE,FALSE,FALSE,,,,,,,,,,
FALSE,FALSE,TRUE,TRUE,FALSE,TRUE,FALSE,TRUE,,FALSE,TRUE,FALSE,FALSE,FALSE,FALSE,FALSE,FALSE,,,,FALSE,FALSE,FALSE,FALSE,FALSE,FALSE,FALSE,FALSE,FALSE,,FALSE,TRUE,TRUE,TRUE,FALSE,TRUE,FALSE,TRUE,,,,,,,,,,
FALSE,FALSE,TRUE,TRUE,FALSE,TRUE,TRUE,FALSE,,FALSE,TRUE,FALSE,FALSE,FALSE,FALSE,FALSE,FALSE,,,,FALSE,FALSE,FALSE,FALSE,FALSE,FALSE,FALSE,FALSE,FALSE,,FALSE,TRUE,TRUE,TRUE,FALSE,TRUE,TRUE,FALSE,,,,,,,,,,
FALSE,FALSE,TRUE,TRUE,FALSE,TRUE,TRUE,TRUE,,FALSE,TRUE,FALSE,FALSE,FALSE,FALSE,FALSE,FALSE,,,,FALSE,FALSE,FALSE,FALSE,FALSE,FALSE,FALSE,FALSE,FALSE,,FALSE,TRUE,TRUE,TRUE,FALSE,TRUE,TRUE,TRUE,,,,,,,,,,
FALSE,FALSE,TRUE,TRUE,TRUE,FALSE,FALSE,FALSE,,FALSE,TRUE,FALSE,FALSE,FALSE,FALSE,FALSE,FALSE,,,,FALSE,FALSE,FALSE,FALSE,FALSE,FALSE,FALSE,FALSE,FALSE,,FALSE,TRUE,TRUE,TRUE,TRUE,FALSE,FALSE,FALSE,,,,,,,,,,
FALSE,FALSE,TRUE,TRUE,TRUE,FALSE,FALSE,TRUE,,FALSE,TRUE,FALSE,FALSE,FALSE,FALSE,FALSE,FALSE,,,,FALSE,FALSE,FALSE,FALSE,FALSE,FALSE,FALSE,FALSE,FALSE,,FALSE,TRUE,TRUE,TRUE,TRUE,FALSE,FALSE,TRUE,,,,,,,,,,
FALSE,FALSE,TRUE,TRUE,TRUE,FALSE,TRUE,FALSE,,FALSE,TRUE,FALSE,FALSE,FALSE,FALSE,FALSE,FALSE,,,,FALSE,FALSE,FALSE,FALSE,FALSE,FALSE,FALSE,FALSE,FALSE,,FALSE,TRUE,TRUE,TRUE,TRUE,FALSE,TRUE,FALSE,,,,,,,,,,
FALSE,FALSE,TRUE,TRUE,TRUE,FALSE,TRUE,TRUE,,FALSE,TRUE,FALSE,FALSE,FALSE,FALSE,FALSE,FALSE,,,,FALSE,FALSE,FALSE,FALSE,FALSE,FALSE,FALSE,FALSE,FALSE,,FALSE,TRUE,TRUE,TRUE,TRUE,FALSE,TRUE,TRUE,,,,,,,,,,
FALSE,FALSE,TRUE,TRUE,TRUE,TRUE,FALSE,FALSE,,FALSE,TRUE,FALSE,FALSE,FALSE,FALSE,FALSE,FALSE,,,,FALSE,FALSE,FALSE,FALSE,FALSE,FALSE,FALSE,FALSE,FALSE,,FALSE,TRUE,TRUE,TRUE,TRUE,TRUE,FALSE,FALSE,,,,,,,,,,
FALSE,FALSE,TRUE,TRUE,TRUE,TRUE,FALSE,TRUE,,FALSE,TRUE,FALSE,FALSE,FALSE,FALSE,FALSE,FALSE,,,,FALSE,FALSE,FALSE,FALSE,FALSE,FALSE,FALSE,FALSE,FALSE,,FALSE,TRUE,TRUE,TRUE,TRUE,TRUE,FALSE,TRUE,,,,,,,,,,
FALSE,FALSE,TRUE,TRUE,TRUE,TRUE,TRUE,FALSE,,FALSE,TRUE,FALSE,FALSE,FALSE,FALSE,FALSE,FALSE,,,,FALSE,FALSE,FALSE,FALSE,FALSE,FALSE,FALSE,FALSE,FALSE,,FALSE,TRUE,TRUE,TRUE,TRUE,TRUE,TRUE,FALSE,,,,,,,,,,
FALSE,FALSE,TRUE,TRUE,TRUE,TRUE,TRUE,TRUE,,FALSE,TRUE,FALSE,FALSE,FALSE,FALSE,FALSE,FALSE,,,,FALSE,FALSE,FALSE,FALSE,FALSE,FALSE,FALSE,FALSE,FALSE,,FALSE,TRUE,TRUE,TRUE,TRUE,TRUE,TRUE,TRUE,,,,,,,,,,
FALSE,TRUE,FALSE,FALSE,FALSE,FALSE,FALSE,FALSE,,FALSE,TRUE,FALSE,FALSE,FALSE,FALSE,FALSE,FALSE,,,,FALSE,TRUE,FALSE,FALSE,FALSE,FALSE,FALSE,FALSE,FALSE,,FALSE,TRUE,FALSE,FALSE,FALSE,FALSE,FALSE,FALSE,,,,,,,,,,
FALSE,TRUE,FALSE,FALSE,FALSE,FALSE,FALSE,TRUE,,FALSE,TRUE,FALSE,FALSE,FALSE,FALSE,FALSE,FALSE,,,,FALSE,TRUE,FALSE,FALSE,FALSE,FALSE,FALSE,FALSE,FALSE,,FALSE,TRUE,FALSE,FALSE,FALSE,FALSE,FALSE,TRUE,,,,,,,,,,
FALSE,TRUE,FALSE,FALSE,FALSE,FALSE,TRUE,FALSE,,FALSE,TRUE,FALSE,FALSE,FALSE,FALSE,FALSE,FALSE,,,,FALSE,TRUE,FALSE,FALSE,FALSE,FALSE,FALSE,FALSE,FALSE,,FALSE,TRUE,FALSE,FALSE,FALSE,FALSE,TRUE,FALSE,,,,,,,,,,
FALSE,TRUE,FALSE,FALSE,FALSE,FALSE,TRUE,TRUE,,FALSE,TRUE,FALSE,FALSE,FALSE,FALSE,FALSE,FALSE,,,,FALSE,TRUE,FALSE,FALSE,FALSE,FALSE,FALSE,FALSE,FALSE,,FALSE,TRUE,FALSE,FALSE,FALSE,FALSE,TRUE,TRUE,,,,,,,,,,
FALSE,TRUE,FALSE,FALSE,FALSE,TRUE,FALSE,FALSE,,FALSE,TRUE,FALSE,FALSE,FALSE,FALSE,FALSE,FALSE,,,,FALSE,TRUE,FALSE,FALSE,FALSE,FALSE,FALSE,FALSE,FALSE,,FALSE,TRUE,FALSE,FALSE,FALSE,TRUE,FALSE,FALSE,,,,,,,,,,
FALSE,TRUE,FALSE,FALSE,FALSE,TRUE,FALSE,TRUE,,FALSE,TRUE,FALSE,FALSE,FALSE,FALSE,FALSE,FALSE,,,,FALSE,TRUE,FALSE,FALSE,FALSE,FALSE,FALSE,FALSE,FALSE,,FALSE,TRUE,FALSE,FALSE,FALSE,TRUE,FALSE,TRUE,,,,,,,,,,
FALSE,TRUE,FALSE,FALSE,FALSE,TRUE,TRUE,FALSE,,FALSE,TRUE,FALSE,FALSE,FALSE,FALSE,FALSE,FALSE,,,,FALSE,TRUE,FALSE,FALSE,FALSE,FALSE,FALSE,FALSE,FALSE,,FALSE,TRUE,FALSE,FALSE,FALSE,TRUE,TRUE,FALSE,,,,,,,,,,
FALSE,TRUE,FALSE,FALSE,FALSE,TRUE,TRUE,TRUE,,FALSE,TRUE,FALSE,FALSE,FALSE,FALSE,FALSE,FALSE,,,,FALSE,TRUE,FALSE,FALSE,FALSE,FALSE,FALSE,FALSE,FALSE,,FALSE,TRUE,FALSE,FALSE,FALSE,TRUE,TRUE,TRUE,,,,,,,,,,
FALSE,TRUE,FALSE,FALSE,TRUE,FALSE,FALSE,FALSE,,FALSE,TRUE,FALSE,FALSE,FALSE,FALSE,FALSE,FALSE,,,,FALSE,TRUE,FALSE,FALSE,FALSE,FALSE,FALSE,FALSE,FALSE,,FALSE,TRUE,FALSE,FALSE,TRUE,FALSE,FALSE,FALSE,,,,,,,,,,
FALSE,TRUE,FALSE,FALSE,TRUE,FALSE,FALSE,TRUE,,FALSE,TRUE,FALSE,FALSE,FALSE,FALSE,FALSE,FALSE,,,,FALSE,TRUE,FALSE,FALSE,FALSE,FALSE,FALSE,FALSE,FALSE,,FALSE,TRUE,FALSE,FALSE,TRUE,FALSE,FALSE,TRUE,,,,,,,,,,
FALSE,TRUE,FALSE,FALSE,TRUE,FALSE,TRUE,FALSE,,FALSE,TRUE,FALSE,FALSE,FALSE,FALSE,FALSE,FALSE,,,,FALSE,TRUE,FALSE,FALSE,FALSE,FALSE,FALSE,FALSE,FALSE,,FALSE,TRUE,FALSE,FALSE,TRUE,FALSE,TRUE,FALSE,,,,,,,,,,
FALSE,TRUE,FALSE,FALSE,TRUE,FALSE,TRUE,TRUE,,FALSE,TRUE,FALSE,FALSE,FALSE,FALSE,FALSE,FALSE,,,,FALSE,TRUE,FALSE,FALSE,FALSE,FALSE,FALSE,FALSE,FALSE,,FALSE,TRUE,FALSE,FALSE,TRUE,FALSE,TRUE,TRUE,,,,,,,,,,
FALSE,TRUE,FALSE,FALSE,TRUE,TRUE,FALSE,FALSE,,FALSE,TRUE,FALSE,FALSE,FALSE,FALSE,FALSE,FALSE,,,,FALSE,TRUE,FALSE,FALSE,FALSE,FALSE,FALSE,FALSE,FALSE,,FALSE,TRUE,FALSE,FALSE,TRUE,TRUE,FALSE,FALSE,,,,,,,,,,
FALSE,TRUE,FALSE,FALSE,TRUE,TRUE,FALSE,TRUE,,FALSE,TRUE,FALSE,FALSE,FALSE,FALSE,FALSE,FALSE,,,,FALSE,TRUE,FALSE,FALSE,FALSE,FALSE,FALSE,FALSE,FALSE,,FALSE,TRUE,FALSE,FALSE,TRUE,TRUE,FALSE,TRUE,,,,,,,,,,
FALSE,TRUE,FALSE,FALSE,TRUE,TRUE,TRUE,FALSE,,FALSE,TRUE,FALSE,FALSE,FALSE,FALSE,FALSE,FALSE,,,,FALSE,TRUE,FALSE,FALSE,FALSE,FALSE,FALSE,FALSE,FALSE,,FALSE,TRUE,FALSE,FALSE,TRUE,TRUE,TRUE,FALSE,,,,,,,,,,
FALSE,TRUE,FALSE,FALSE,TRUE,TRUE,TRUE,TRUE,,FALSE,TRUE,FALSE,FALSE,FALSE,FALSE,FALSE,FALSE,,,,FALSE,TRUE,FALSE,FALSE,FALSE,FALSE,FALSE,FALSE,FALSE,,FALSE,TRUE,FALSE,FALSE,TRUE,TRUE,TRUE,TRUE,,,,,,,,,,
FALSE,TRUE,FALSE,TRUE,FALSE,FALSE,FALSE,FALSE,,FALSE,TRUE,FALSE,FALSE,FALSE,FALSE,FALSE,FALSE,,,,FALSE,TRUE,FALSE,FALSE,FALSE,FALSE,FALSE,FALSE,FALSE,,FALSE,TRUE,FALSE,TRUE,FALSE,FALSE,FALSE,FALSE,,,,,,,,,,
FALSE,TRUE,FALSE,TRUE,FALSE,FALSE,FALSE,TRUE,,FALSE,TRUE,FALSE,FALSE,FALSE,FALSE,FALSE,FALSE,,,,FALSE,TRUE,FALSE,FALSE,FALSE,FALSE,FALSE,FALSE,FALSE,,FALSE,TRUE,FALSE,TRUE,FALSE,FALSE,FALSE,TRUE,,,,,,,,,,
FALSE,TRUE,FALSE,TRUE,FALSE,FALSE,TRUE,FALSE,,FALSE,TRUE,FALSE,FALSE,FALSE,FALSE,FALSE,FALSE,,,,FALSE,TRUE,FALSE,FALSE,FALSE,FALSE,FALSE,FALSE,FALSE,,FALSE,TRUE,FALSE,TRUE,FALSE,FALSE,TRUE,FALSE,,,,,,,,,,
FALSE,TRUE,FALSE,TRUE,FALSE,FALSE,TRUE,TRUE,,FALSE,TRUE,FALSE,FALSE,FALSE,FALSE,FALSE,FALSE,,,,FALSE,TRUE,FALSE,FALSE,FALSE,FALSE,FALSE,FALSE,FALSE,,FALSE,TRUE,FALSE,TRUE,FALSE,FALSE,TRUE,TRUE,,,,,,,,,,
FALSE,TRUE,FALSE,TRUE,FALSE,TRUE,FALSE,FALSE,,FALSE,TRUE,FALSE,FALSE,FALSE,FALSE,FALSE,FALSE,,,,FALSE,TRUE,FALSE,FALSE,FALSE,FALSE,FALSE,FALSE,FALSE,,FALSE,TRUE,FALSE,TRUE,FALSE,TRUE,FALSE,FALSE,,,,,,,,,,
FALSE,TRUE,FALSE,TRUE,FALSE,TRUE,FALSE,TRUE,,FALSE,TRUE,FALSE,FALSE,FALSE,FALSE,FALSE,FALSE,,,,FALSE,TRUE,FALSE,FALSE,FALSE,FALSE,FALSE,FALSE,FALSE,,FALSE,TRUE,FALSE,TRUE,FALSE,TRUE,FALSE,TRUE,,,,,,,,,,
FALSE,TRUE,FALSE,TRUE,FALSE,TRUE,TRUE,FALSE,,FALSE,TRUE,FALSE,FALSE,FALSE,FALSE,FALSE,FALSE,,,,FALSE,TRUE,FALSE,FALSE,FALSE,FALSE,FALSE,FALSE,FALSE,,FALSE,TRUE,FALSE,TRUE,FALSE,TRUE,TRUE,FALSE,,,,,,,,,,
FALSE,TRUE,FALSE,TRUE,FALSE,TRUE,TRUE,TRUE,,FALSE,TRUE,FALSE,FALSE,FALSE,FALSE,FALSE,FALSE,,,,FALSE,TRUE,FALSE,FALSE,FALSE,FALSE,FALSE,FALSE,FALSE,,FALSE,TRUE,FALSE,TRUE,FALSE,TRUE,TRUE,TRUE,,,,,,,,,,
FALSE,TRUE,FALSE,TRUE,TRUE,FALSE,FALSE,FALSE,,FALSE,TRUE,FALSE,FALSE,FALSE,FALSE,FALSE,FALSE,,,,FALSE,TRUE,FALSE,FALSE,FALSE,FALSE,FALSE,FALSE,FALSE,,FALSE,TRUE,FALSE,TRUE,TRUE,FALSE,FALSE,FALSE,,,,,,,,,,
FALSE,TRUE,FALSE,TRUE,TRUE,FALSE,FALSE,TRUE,,FALSE,TRUE,FALSE,FALSE,FALSE,FALSE,FALSE,FALSE,,,,FALSE,TRUE,FALSE,FALSE,FALSE,FALSE,FALSE,FALSE,FALSE,,FALSE,TRUE,FALSE,TRUE,TRUE,FALSE,FALSE,TRUE,,,,,,,,,,
FALSE,TRUE,FALSE,TRUE,TRUE,FALSE,TRUE,FALSE,,FALSE,TRUE,FALSE,FALSE,FALSE,FALSE,FALSE,FALSE,,,,FALSE,TRUE,FALSE,FALSE,FALSE,FALSE,FALSE,FALSE,FALSE,,FALSE,TRUE,FALSE,TRUE,TRUE,FALSE,TRUE,FALSE,,,,,,,,,,
FALSE,TRUE,FALSE,TRUE,TRUE,FALSE,TRUE,TRUE,,FALSE,TRUE,FALSE,FALSE,FALSE,FALSE,FALSE,FALSE,,,,FALSE,TRUE,FALSE,FALSE,FALSE,FALSE,FALSE,FALSE,FALSE,,FALSE,TRUE,FALSE,TRUE,TRUE,FALSE,TRUE,TRUE,,,,,,,,,,
FALSE,TRUE,FALSE,TRUE,TRUE,TRUE,FALSE,FALSE,,FALSE,TRUE,FALSE,FALSE,FALSE,FALSE,FALSE,FALSE,,,,FALSE,TRUE,FALSE,FALSE,FALSE,FALSE,FALSE,FALSE,FALSE,,FALSE,TRUE,FALSE,TRUE,TRUE,TRUE,FALSE,FALSE,,,,,,,,,,
FALSE,TRUE,FALSE,TRUE,TRUE,TRUE,FALSE,TRUE,,FALSE,TRUE,FALSE,FALSE,FALSE,FALSE,FALSE,FALSE,,,,FALSE,TRUE,FALSE,FALSE,FALSE,FALSE,FALSE,FALSE,FALSE,,FALSE,TRUE,FALSE,TRUE,TRUE,TRUE,FALSE,TRUE,,,,,,,,,,
FALSE,TRUE,FALSE,TRUE,TRUE,TRUE,TRUE,FALSE,,FALSE,TRUE,FALSE,FALSE,FALSE,FALSE,FALSE,FALSE,,,,FALSE,TRUE,FALSE,FALSE,FALSE,FALSE,FALSE,FALSE,FALSE,,FALSE,TRUE,FALSE,TRUE,TRUE,TRUE,TRUE,FALSE,,,,,,,,,,
FALSE,TRUE,FALSE,TRUE,TRUE,TRUE,TRUE,TRUE,,FALSE,TRUE,FALSE,FALSE,FALSE,FALSE,FALSE,FALSE,,,,FALSE,TRUE,FALSE,FALSE,FALSE,FALSE,FALSE,FALSE,FALSE,,FALSE,TRUE,FALSE,TRUE,TRUE,TRUE,TRUE,TRUE,,,,,,,,,,
FALSE,TRUE,TRUE,FALSE,FALSE,FALSE,FALSE,FALSE,,FALSE,TRUE,FALSE,FALSE,FALSE,FALSE,FALSE,FALSE,,,,FALSE,TRUE,FALSE,FALSE,FALSE,FALSE,FALSE,FALSE,FALSE,,FALSE,TRUE,TRUE,FALSE,FALSE,FALSE,FALSE,FALSE,,,,,,,,,,
FALSE,TRUE,TRUE,FALSE,FALSE,FALSE,FALSE,TRUE,,FALSE,TRUE,FALSE,FALSE,FALSE,FALSE,FALSE,FALSE,,,,FALSE,TRUE,FALSE,FALSE,FALSE,FALSE,FALSE,FALSE,FALSE,,FALSE,TRUE,TRUE,FALSE,FALSE,FALSE,FALSE,TRUE,,,,,,,,,,
FALSE,TRUE,TRUE,FALSE,FALSE,FALSE,TRUE,FALSE,,FALSE,TRUE,FALSE,FALSE,FALSE,FALSE,FALSE,FALSE,,,,FALSE,TRUE,FALSE,FALSE,FALSE,FALSE,FALSE,FALSE,FALSE,,FALSE,TRUE,TRUE,FALSE,FALSE,FALSE,TRUE,FALSE,,,,,,,,,,
FALSE,TRUE,TRUE,FALSE,FALSE,FALSE,TRUE,TRUE,,FALSE,TRUE,FALSE,FALSE,FALSE,FALSE,FALSE,FALSE,,,,FALSE,TRUE,FALSE,FALSE,FALSE,FALSE,FALSE,FALSE,FALSE,,FALSE,TRUE,TRUE,FALSE,FALSE,FALSE,TRUE,TRUE,,,,,,,,,,
FALSE,TRUE,TRUE,FALSE,FALSE,TRUE,FALSE,FALSE,,FALSE,TRUE,FALSE,FALSE,FALSE,FALSE,FALSE,FALSE,,,,FALSE,TRUE,FALSE,FALSE,FALSE,FALSE,FALSE,FALSE,FALSE,,FALSE,TRUE,TRUE,FALSE,FALSE,TRUE,FALSE,FALSE,,,,,,,,,,
FALSE,TRUE,TRUE,FALSE,FALSE,TRUE,FALSE,TRUE,,FALSE,TRUE,FALSE,FALSE,FALSE,FALSE,FALSE,FALSE,,,,FALSE,TRUE,FALSE,FALSE,FALSE,FALSE,FALSE,FALSE,FALSE,,FALSE,TRUE,TRUE,FALSE,FALSE,TRUE,FALSE,TRUE,,,,,,,,,,
FALSE,TRUE,TRUE,FALSE,FALSE,TRUE,TRUE,FALSE,,FALSE,TRUE,FALSE,FALSE,FALSE,FALSE,FALSE,FALSE,,,,FALSE,TRUE,FALSE,FALSE,FALSE,FALSE,FALSE,FALSE,FALSE,,FALSE,TRUE,TRUE,FALSE,FALSE,TRUE,TRUE,FALSE,,,,,,,,,,
FALSE,TRUE,TRUE,FALSE,FALSE,TRUE,TRUE,TRUE,,FALSE,TRUE,FALSE,FALSE,FALSE,FALSE,FALSE,FALSE,,,,FALSE,TRUE,FALSE,FALSE,FALSE,FALSE,FALSE,FALSE,FALSE,,FALSE,TRUE,TRUE,FALSE,FALSE,TRUE,TRUE,TRUE,,,,,,,,,,
FALSE,TRUE,TRUE,FALSE,TRUE,FALSE,FALSE,FALSE,,FALSE,TRUE,FALSE,FALSE,FALSE,FALSE,FALSE,FALSE,,,,FALSE,TRUE,FALSE,FALSE,FALSE,FALSE,FALSE,FALSE,FALSE,,FALSE,TRUE,TRUE,FALSE,TRUE,FALSE,FALSE,FALSE,,,,,,,,,,
FALSE,TRUE,TRUE,FALSE,TRUE,FALSE,FALSE,TRUE,,FALSE,TRUE,FALSE,FALSE,FALSE,FALSE,FALSE,FALSE,,,,FALSE,TRUE,FALSE,FALSE,FALSE,FALSE,FALSE,FALSE,FALSE,,FALSE,TRUE,TRUE,FALSE,TRUE,FALSE,FALSE,TRUE,,,,,,,,,,
FALSE,TRUE,TRUE,FALSE,TRUE,FALSE,TRUE,FALSE,,FALSE,TRUE,FALSE,FALSE,FALSE,FALSE,FALSE,FALSE,,,,FALSE,TRUE,FALSE,FALSE,FALSE,FALSE,FALSE,FALSE,FALSE,,FALSE,TRUE,TRUE,FALSE,TRUE,FALSE,TRUE,FALSE,,,,,,,,,,
FALSE,TRUE,TRUE,FALSE,TRUE,FALSE,TRUE,TRUE,,FALSE,TRUE,FALSE,FALSE,FALSE,FALSE,FALSE,FALSE,,,,FALSE,TRUE,FALSE,FALSE,FALSE,FALSE,FALSE,FALSE,FALSE,,FALSE,TRUE,TRUE,FALSE,TRUE,FALSE,TRUE,TRUE,,,,,,,,,,
FALSE,TRUE,TRUE,FALSE,TRUE,TRUE,FALSE,FALSE,,FALSE,TRUE,FALSE,FALSE,FALSE,FALSE,FALSE,FALSE,,,,FALSE,TRUE,FALSE,FALSE,FALSE,FALSE,FALSE,FALSE,FALSE,,FALSE,TRUE,TRUE,FALSE,TRUE,TRUE,FALSE,FALSE,,,,,,,,,,
FALSE,TRUE,TRUE,FALSE,TRUE,TRUE,FALSE,TRUE,,FALSE,TRUE,FALSE,FALSE,FALSE,FALSE,FALSE,FALSE,,,,FALSE,TRUE,FALSE,FALSE,FALSE,FALSE,FALSE,FALSE,FALSE,,FALSE,TRUE,TRUE,FALSE,TRUE,TRUE,FALSE,TRUE,,,,,,,,,,
FALSE,TRUE,TRUE,FALSE,TRUE,TRUE,TRUE,FALSE,,FALSE,TRUE,FALSE,FALSE,FALSE,FALSE,FALSE,FALSE,,,,FALSE,TRUE,FALSE,FALSE,FALSE,FALSE,FALSE,FALSE,FALSE,,FALSE,TRUE,TRUE,FALSE,TRUE,TRUE,TRUE,FALSE,,,,,,,,,,
FALSE,TRUE,TRUE,FALSE,TRUE,TRUE,TRUE,TRUE,,FALSE,TRUE,FALSE,FALSE,FALSE,FALSE,FALSE,FALSE,,,,FALSE,TRUE,FALSE,FALSE,FALSE,FALSE,FALSE,FALSE,FALSE,,FALSE,TRUE,TRUE,FALSE,TRUE,TRUE,TRUE,TRUE,,,,,,,,,,
FALSE,TRUE,TRUE,TRUE,FALSE,FALSE,FALSE,FALSE,,FALSE,TRUE,FALSE,FALSE,FALSE,FALSE,FALSE,FALSE,,,,FALSE,TRUE,FALSE,FALSE,FALSE,FALSE,FALSE,FALSE,FALSE,,FALSE,TRUE,TRUE,TRUE,FALSE,FALSE,FALSE,FALSE,,,,,,,,,,
FALSE,TRUE,TRUE,TRUE,FALSE,FALSE,FALSE,TRUE,,FALSE,TRUE,FALSE,FALSE,FALSE,FALSE,FALSE,FALSE,,,,FALSE,TRUE,FALSE,FALSE,FALSE,FALSE,FALSE,FALSE,FALSE,,FALSE,TRUE,TRUE,TRUE,FALSE,FALSE,FALSE,TRUE,,,,,,,,,,
FALSE,TRUE,TRUE,TRUE,FALSE,FALSE,TRUE,FALSE,,FALSE,TRUE,FALSE,FALSE,FALSE,FALSE,FALSE,FALSE,,,,FALSE,TRUE,FALSE,FALSE,FALSE,FALSE,FALSE,FALSE,FALSE,,FALSE,TRUE,TRUE,TRUE,FALSE,FALSE,TRUE,FALSE,,,,,,,,,,
FALSE,TRUE,TRUE,TRUE,FALSE,FALSE,TRUE,TRUE,,FALSE,TRUE,FALSE,FALSE,FALSE,FALSE,FALSE,FALSE,,,,FALSE,TRUE,FALSE,FALSE,FALSE,FALSE,FALSE,FALSE,FALSE,,FALSE,TRUE,TRUE,TRUE,FALSE,FALSE,TRUE,TRUE,,,,,,,,,,
FALSE,TRUE,TRUE,TRUE,FALSE,TRUE,FALSE,FALSE,,FALSE,TRUE,FALSE,FALSE,FALSE,FALSE,FALSE,FALSE,,,,FALSE,TRUE,FALSE,FALSE,FALSE,FALSE,FALSE,FALSE,FALSE,,FALSE,TRUE,TRUE,TRUE,FALSE,TRUE,FALSE,FALSE,,,,,,,,,,
FALSE,TRUE,TRUE,TRUE,FALSE,TRUE,FALSE,TRUE,,FALSE,TRUE,FALSE,FALSE,FALSE,FALSE,FALSE,FALSE,,,,FALSE,TRUE,FALSE,FALSE,FALSE,FALSE,FALSE,FALSE,FALSE,,FALSE,TRUE,TRUE,TRUE,FALSE,TRUE,FALSE,TRUE,,,,,,,,,,
FALSE,TRUE,TRUE,TRUE,FALSE,TRUE,TRUE,FALSE,,FALSE,TRUE,FALSE,FALSE,FALSE,FALSE,FALSE,FALSE,,,,FALSE,TRUE,FALSE,FALSE,FALSE,FALSE,FALSE,FALSE,FALSE,,FALSE,TRUE,TRUE,TRUE,FALSE,TRUE,TRUE,FALSE,,,,,,,,,,
FALSE,TRUE,TRUE,TRUE,FALSE,TRUE,TRUE,TRUE,,FALSE,TRUE,FALSE,FALSE,FALSE,FALSE,FALSE,FALSE,,,,FALSE,TRUE,FALSE,FALSE,FALSE,FALSE,FALSE,FALSE,FALSE,,FALSE,TRUE,TRUE,TRUE,FALSE,TRUE,TRUE,TRUE,,,,,,,,,,
FALSE,TRUE,TRUE,TRUE,TRUE,FALSE,FALSE,FALSE,,FALSE,TRUE,FALSE,FALSE,FALSE,FALSE,FALSE,FALSE,,,,FALSE,TRUE,FALSE,FALSE,FALSE,FALSE,FALSE,FALSE,FALSE,,FALSE,TRUE,TRUE,TRUE,TRUE,FALSE,FALSE,FALSE,,,,,,,,,,
FALSE,TRUE,TRUE,TRUE,TRUE,FALSE,FALSE,TRUE,,FALSE,TRUE,FALSE,FALSE,FALSE,FALSE,FALSE,FALSE,,,,FALSE,TRUE,FALSE,FALSE,FALSE,FALSE,FALSE,FALSE,FALSE,,FALSE,TRUE,TRUE,TRUE,TRUE,FALSE,FALSE,TRUE,,,,,,,,,,
FALSE,TRUE,TRUE,TRUE,TRUE,FALSE,TRUE,FALSE,,FALSE,TRUE,FALSE,FALSE,FALSE,FALSE,FALSE,FALSE,,,,FALSE,TRUE,FALSE,FALSE,FALSE,FALSE,FALSE,FALSE,FALSE,,FALSE,TRUE,TRUE,TRUE,TRUE,FALSE,TRUE,FALSE,,,,,,,,,,
FALSE,TRUE,TRUE,TRUE,TRUE,FALSE,TRUE,TRUE,,FALSE,TRUE,FALSE,FALSE,FALSE,FALSE,FALSE,FALSE,,,,FALSE,TRUE,FALSE,FALSE,FALSE,FALSE,FALSE,FALSE,FALSE,,FALSE,TRUE,TRUE,TRUE,TRUE,FALSE,TRUE,TRUE,,,,,,,,,,
FALSE,TRUE,TRUE,TRUE,TRUE,TRUE,FALSE,FALSE,,FALSE,TRUE,FALSE,FALSE,FALSE,FALSE,FALSE,FALSE,,,,FALSE,TRUE,FALSE,FALSE,FALSE,FALSE,FALSE,FALSE,FALSE,,FALSE,TRUE,TRUE,TRUE,TRUE,TRUE,FALSE,FALSE,,,,,,,,,,
TRUE,TRUE,TRUE,TRUE,TRUE,TRUE,FALSE,TRUE,,FALSE,TRUE,FALSE,FALSE,FALSE,FALSE,FALSE,FALSE,,,,TRUE,TRUE,FALSE,FALSE,FALSE,FALSE,FALSE,FALSE,FALSE,,FALSE,TRUE,TRUE,TRUE,TRUE,TRUE,FALSE,TRUE,,,,,,,,,,
TRUE,TRUE,TRUE,TRUE,TRUE,TRUE,TRUE,FALSE,,FALSE,TRUE,FALSE,FALSE,FALSE,FALSE,FALSE,FALSE,,,,TRUE,TRUE,FALSE,FALSE,FALSE,FALSE,FALSE,FALSE,FALSE,,FALSE,TRUE,TRUE,TRUE,TRUE,TRUE,TRUE,FALSE,,,,,,,,,,
TRUE,TRUE,TRUE,TRUE,TRUE,TRUE,TRUE,TRUE,,FALSE,TRUE,FALSE,FALSE,FALSE,FALSE,FALSE,FALSE,,,,TRUE,TRUE,FALSE,FALSE,FALSE,FALSE,FALSE,FALSE,FALSE,,FALSE,TRUE,TRUE,TRUE,TRUE,TRUE,TRUE,TRUE,,,,,,,,,,
TRUE,FALSE,FALSE,FALSE,FALSE,FALSE,FALSE,FALSE,,FALSE,TRUE,FALSE,FALSE,FALSE,FALSE,FALSE,FALSE,,,,FALSE,FALSE,FALSE,FALSE,FALSE,FALSE,FALSE,FALSE,FALSE,,TRUE,TRUE,FALSE,FALSE,FALSE,FALSE,FALSE,FALSE,,,,,,,,,,
TRUE,FALSE,FALSE,FALSE,FALSE,FALSE,FALSE,TRUE,,FALSE,TRUE,FALSE,FALSE,FALSE,FALSE,FALSE,FALSE,,,,FALSE,FALSE,FALSE,FALSE,FALSE,FALSE,FALSE,FALSE,FALSE,,TRUE,TRUE,FALSE,FALSE,FALSE,FALSE,FALSE,TRUE,,,,,,,,,,
TRUE,FALSE,FALSE,FALSE,FALSE,FALSE,TRUE,FALSE,,FALSE,TRUE,FALSE,FALSE,FALSE,FALSE,FALSE,FALSE,,,,FALSE,FALSE,FALSE,FALSE,FALSE,FALSE,FALSE,FALSE,FALSE,,TRUE,TRUE,FALSE,FALSE,FALSE,FALSE,TRUE,FALSE,,,,,,,,,,
TRUE,FALSE,FALSE,FALSE,FALSE,FALSE,TRUE,TRUE,,FALSE,TRUE,FALSE,FALSE,FALSE,FALSE,FALSE,FALSE,,,,FALSE,FALSE,FALSE,FALSE,FALSE,FALSE,FALSE,FALSE,FALSE,,TRUE,TRUE,FALSE,FALSE,FALSE,FALSE,TRUE,TRUE,,,,,,,,,,
TRUE,FALSE,FALSE,FALSE,FALSE,TRUE,FALSE,FALSE,,FALSE,TRUE,FALSE,FALSE,FALSE,FALSE,FALSE,FALSE,,,,FALSE,FALSE,FALSE,FALSE,FALSE,FALSE,FALSE,FALSE,FALSE,,TRUE,TRUE,FALSE,FALSE,FALSE,TRUE,FALSE,FALSE,,,,,,,,,,
TRUE,FALSE,FALSE,FALSE,FALSE,TRUE,FALSE,TRUE,,FALSE,TRUE,FALSE,FALSE,FALSE,FALSE,FALSE,FALSE,,,,FALSE,FALSE,FALSE,FALSE,FALSE,FALSE,FALSE,FALSE,FALSE,,TRUE,TRUE,FALSE,FALSE,FALSE,TRUE,FALSE,TRUE,,,,,,,,,,
TRUE,FALSE,FALSE,FALSE,FALSE,TRUE,TRUE,FALSE,,FALSE,TRUE,FALSE,FALSE,FALSE,FALSE,FALSE,FALSE,,,,FALSE,FALSE,FALSE,FALSE,FALSE,FALSE,FALSE,FALSE,FALSE,,TRUE,TRUE,FALSE,FALSE,FALSE,TRUE,TRUE,FALSE,,,,,,,,,,
TRUE,FALSE,FALSE,FALSE,FALSE,TRUE,TRUE,TRUE,,FALSE,TRUE,FALSE,FALSE,FALSE,FALSE,FALSE,FALSE,,,,FALSE,FALSE,FALSE,FALSE,FALSE,FALSE,FALSE,FALSE,FALSE,,TRUE,TRUE,FALSE,FALSE,FALSE,TRUE,TRUE,TRUE,,,,,,,,,,
TRUE,FALSE,FALSE,FALSE,TRUE,FALSE,FALSE,FALSE,,FALSE,TRUE,FALSE,FALSE,FALSE,FALSE,FALSE,FALSE,,,,FALSE,FALSE,FALSE,FALSE,FALSE,FALSE,FALSE,FALSE,FALSE,,TRUE,TRUE,FALSE,FALSE,TRUE,FALSE,FALSE,FALSE,,,,,,,,,,
TRUE,FALSE,FALSE,FALSE,TRUE,FALSE,FALSE,TRUE,,FALSE,TRUE,FALSE,FALSE,FALSE,FALSE,FALSE,FALSE,,,,FALSE,FALSE,FALSE,FALSE,FALSE,FALSE,FALSE,FALSE,FALSE,,TRUE,TRUE,FALSE,FALSE,TRUE,FALSE,FALSE,TRUE,,,,,,,,,,
TRUE,FALSE,FALSE,FALSE,TRUE,FALSE,TRUE,FALSE,,FALSE,TRUE,FALSE,FALSE,FALSE,FALSE,FALSE,FALSE,,,,FALSE,FALSE,FALSE,FALSE,FALSE,FALSE,FALSE,FALSE,FALSE,,TRUE,TRUE,FALSE,FALSE,TRUE,FALSE,TRUE,FALSE,,,,,,,,,,
TRUE,FALSE,FALSE,FALSE,TRUE,FALSE,TRUE,TRUE,,FALSE,TRUE,FALSE,FALSE,FALSE,FALSE,FALSE,FALSE,,,,FALSE,FALSE,FALSE,FALSE,FALSE,FALSE,FALSE,FALSE,FALSE,,TRUE,TRUE,FALSE,FALSE,TRUE,FALSE,TRUE,TRUE,,,,,,,,,,
TRUE,FALSE,FALSE,FALSE,TRUE,TRUE,FALSE,FALSE,,FALSE,TRUE,FALSE,FALSE,FALSE,FALSE,FALSE,FALSE,,,,FALSE,FALSE,FALSE,FALSE,FALSE,FALSE,FALSE,FALSE,FALSE,,TRUE,TRUE,FALSE,FALSE,TRUE,TRUE,FALSE,FALSE,,,,,,,,,,
TRUE,FALSE,FALSE,FALSE,TRUE,TRUE,FALSE,TRUE,,FALSE,TRUE,FALSE,FALSE,FALSE,FALSE,FALSE,FALSE,,,,FALSE,FALSE,FALSE,FALSE,FALSE,FALSE,FALSE,FALSE,FALSE,,TRUE,TRUE,FALSE,FALSE,TRUE,TRUE,FALSE,TRUE,,,,,,,,,,
TRUE,FALSE,FALSE,FALSE,TRUE,TRUE,TRUE,FALSE,,FALSE,TRUE,FALSE,FALSE,FALSE,FALSE,FALSE,FALSE,,,,FALSE,FALSE,FALSE,FALSE,FALSE,FALSE,FALSE,FALSE,FALSE,,TRUE,TRUE,FALSE,FALSE,TRUE,TRUE,TRUE,FALSE,,,,,,,,,,
TRUE,FALSE,FALSE,FALSE,TRUE,TRUE,TRUE,TRUE,,FALSE,TRUE,FALSE,FALSE,FALSE,FALSE,FALSE,FALSE,,,,FALSE,FALSE,FALSE,FALSE,FALSE,FALSE,FALSE,FALSE,FALSE,,TRUE,TRUE,FALSE,FALSE,TRUE,TRUE,TRUE,TRUE,,,,,,,,,,
TRUE,FALSE,FALSE,TRUE,FALSE,FALSE,FALSE,FALSE,,FALSE,TRUE,FALSE,FALSE,FALSE,FALSE,FALSE,FALSE,,,,FALSE,FALSE,FALSE,FALSE,FALSE,FALSE,FALSE,FALSE,FALSE,,TRUE,TRUE,FALSE,TRUE,FALSE,FALSE,FALSE,FALSE,,,,,,,,,,
TRUE,FALSE,FALSE,TRUE,FALSE,FALSE,FALSE,TRUE,,FALSE,TRUE,FALSE,FALSE,FALSE,FALSE,FALSE,FALSE,,,,FALSE,FALSE,FALSE,FALSE,FALSE,FALSE,FALSE,FALSE,FALSE,,TRUE,TRUE,FALSE,TRUE,FALSE,FALSE,FALSE,TRUE,,,,,,,,,,
TRUE,FALSE,FALSE,TRUE,FALSE,FALSE,TRUE,FALSE,,FALSE,TRUE,FALSE,FALSE,FALSE,FALSE,FALSE,FALSE,,,,FALSE,FALSE,FALSE,FALSE,FALSE,FALSE,FALSE,FALSE,FALSE,,TRUE,TRUE,FALSE,TRUE,FALSE,FALSE,TRUE,FALSE,,,,,,,,,,
TRUE,FALSE,FALSE,TRUE,FALSE,FALSE,TRUE,TRUE,,FALSE,TRUE,FALSE,FALSE,FALSE,FALSE,FALSE,FALSE,,,,FALSE,FALSE,FALSE,FALSE,FALSE,FALSE,FALSE,FALSE,FALSE,,TRUE,TRUE,FALSE,TRUE,FALSE,FALSE,TRUE,TRUE,,,,,,,,,,
TRUE,FALSE,FALSE,TRUE,FALSE,TRUE,FALSE,FALSE,,FALSE,TRUE,FALSE,FALSE,FALSE,FALSE,FALSE,FALSE,,,,FALSE,FALSE,FALSE,FALSE,FALSE,FALSE,FALSE,FALSE,FALSE,,TRUE,TRUE,FALSE,TRUE,FALSE,TRUE,FALSE,FALSE,,,,,,,,,,
TRUE,FALSE,FALSE,TRUE,FALSE,TRUE,FALSE,TRUE,,FALSE,TRUE,FALSE,FALSE,FALSE,FALSE,FALSE,FALSE,,,,FALSE,FALSE,FALSE,FALSE,FALSE,FALSE,FALSE,FALSE,FALSE,,TRUE,TRUE,FALSE,TRUE,FALSE,TRUE,FALSE,TRUE,,,,,,,,,,
TRUE,FALSE,FALSE,TRUE,FALSE,TRUE,TRUE,FALSE,,FALSE,TRUE,FALSE,FALSE,FALSE,FALSE,FALSE,FALSE,,,,FALSE,FALSE,FALSE,FALSE,FALSE,FALSE,FALSE,FALSE,FALSE,,TRUE,TRUE,FALSE,TRUE,FALSE,TRUE,TRUE,FALSE,,,,,,,,,,
TRUE,FALSE,FALSE,TRUE,FALSE,TRUE,TRUE,TRUE,,FALSE,TRUE,FALSE,FALSE,FALSE,FALSE,FALSE,FALSE,,,,FALSE,FALSE,FALSE,FALSE,FALSE,FALSE,FALSE,FALSE,FALSE,,TRUE,TRUE,FALSE,TRUE,FALSE,TRUE,TRUE,TRUE,,,,,,,,,,
TRUE,FALSE,FALSE,TRUE,TRUE,FALSE,FALSE,FALSE,,FALSE,TRUE,FALSE,FALSE,FALSE,FALSE,FALSE,FALSE,,,,FALSE,FALSE,FALSE,FALSE,FALSE,FALSE,FALSE,FALSE,FALSE,,TRUE,TRUE,FALSE,TRUE,TRUE,FALSE,FALSE,FALSE,,,,,,,,,,
TRUE,FALSE,FALSE,TRUE,TRUE,FALSE,FALSE,TRUE,,FALSE,TRUE,FALSE,FALSE,FALSE,FALSE,FALSE,FALSE,,,,FALSE,FALSE,FALSE,FALSE,FALSE,FALSE,FALSE,FALSE,FALSE,,TRUE,TRUE,FALSE,TRUE,TRUE,FALSE,FALSE,TRUE,,,,,,,,,,
TRUE,FALSE,FALSE,TRUE,TRUE,FALSE,TRUE,FALSE,,FALSE,TRUE,FALSE,FALSE,FALSE,FALSE,FALSE,FALSE,,,,FALSE,FALSE,FALSE,FALSE,FALSE,FALSE,FALSE,FALSE,FALSE,,TRUE,TRUE,FALSE,TRUE,TRUE,FALSE,TRUE,FALSE,,,,,,,,,,
TRUE,FALSE,FALSE,TRUE,TRUE,FALSE,TRUE,TRUE,,FALSE,TRUE,FALSE,FALSE,FALSE,FALSE,FALSE,FALSE,,,,FALSE,FALSE,FALSE,FALSE,FALSE,FALSE,FALSE,FALSE,FALSE,,TRUE,TRUE,FALSE,TRUE,TRUE,FALSE,TRUE,TRUE,,,,,,,,,,
TRUE,FALSE,FALSE,TRUE,TRUE,TRUE,FALSE,FALSE,,FALSE,TRUE,FALSE,FALSE,FALSE,FALSE,FALSE,FALSE,,,,FALSE,FALSE,FALSE,FALSE,FALSE,FALSE,FALSE,FALSE,FALSE,,TRUE,TRUE,FALSE,TRUE,TRUE,TRUE,FALSE,FALSE,,,,,,,,,,
TRUE,FALSE,FALSE,TRUE,TRUE,TRUE,FALSE,TRUE,,FALSE,TRUE,FALSE,FALSE,FALSE,FALSE,FALSE,FALSE,,,,FALSE,FALSE,FALSE,FALSE,FALSE,FALSE,FALSE,FALSE,FALSE,,TRUE,TRUE,FALSE,TRUE,TRUE,TRUE,FALSE,TRUE,,,,,,,,,,
TRUE,FALSE,FALSE,TRUE,TRUE,TRUE,TRUE,FALSE,,FALSE,TRUE,FALSE,FALSE,FALSE,FALSE,FALSE,FALSE,,,,FALSE,FALSE,FALSE,FALSE,FALSE,FALSE,FALSE,FALSE,FALSE,,TRUE,TRUE,FALSE,TRUE,TRUE,TRUE,TRUE,FALSE,,,,,,,,,,
TRUE,FALSE,FALSE,TRUE,TRUE,TRUE,TRUE,TRUE,,FALSE,TRUE,FALSE,FALSE,FALSE,FALSE,FALSE,FALSE,,,,FALSE,FALSE,FALSE,FALSE,FALSE,FALSE,FALSE,FALSE,FALSE,,TRUE,TRUE,FALSE,TRUE,TRUE,TRUE,TRUE,TRUE,,,,,,,,,,
TRUE,FALSE,TRUE,FALSE,FALSE,FALSE,FALSE,FALSE,,FALSE,TRUE,FALSE,FALSE,FALSE,FALSE,FALSE,FALSE,,,,FALSE,FALSE,FALSE,FALSE,FALSE,FALSE,FALSE,FALSE,FALSE,,TRUE,TRUE,TRUE,FALSE,FALSE,FALSE,FALSE,FALSE,,,,,,,,,,
TRUE,FALSE,TRUE,FALSE,FALSE,FALSE,FALSE,TRUE,,FALSE,TRUE,FALSE,FALSE,FALSE,FALSE,FALSE,FALSE,,,,FALSE,FALSE,FALSE,FALSE,FALSE,FALSE,FALSE,FALSE,FALSE,,TRUE,TRUE,TRUE,FALSE,FALSE,FALSE,FALSE,TRUE,,,,,,,,,,
TRUE,FALSE,TRUE,FALSE,FALSE,FALSE,TRUE,FALSE,,FALSE,TRUE,FALSE,FALSE,FALSE,FALSE,FALSE,FALSE,,,,FALSE,FALSE,FALSE,FALSE,FALSE,FALSE,FALSE,FALSE,FALSE,,TRUE,TRUE,TRUE,FALSE,FALSE,FALSE,TRUE,FALSE,,,,,,,,,,
TRUE,FALSE,TRUE,FALSE,FALSE,FALSE,TRUE,TRUE,,FALSE,TRUE,FALSE,FALSE,FALSE,FALSE,FALSE,FALSE,,,,FALSE,FALSE,FALSE,FALSE,FALSE,FALSE,FALSE,FALSE,FALSE,,TRUE,TRUE,TRUE,FALSE,FALSE,FALSE,TRUE,TRUE,,,,,,,,,,
TRUE,FALSE,TRUE,FALSE,FALSE,TRUE,FALSE,FALSE,,FALSE,TRUE,FALSE,FALSE,FALSE,FALSE,FALSE,FALSE,,,,FALSE,FALSE,FALSE,FALSE,FALSE,FALSE,FALSE,FALSE,FALSE,,TRUE,TRUE,TRUE,FALSE,FALSE,TRUE,FALSE,FALSE,,,,,,,,,,
TRUE,FALSE,TRUE,FALSE,FALSE,TRUE,FALSE,TRUE,,FALSE,TRUE,FALSE,FALSE,FALSE,FALSE,FALSE,FALSE,,,,FALSE,FALSE,FALSE,FALSE,FALSE,FALSE,FALSE,FALSE,FALSE,,TRUE,TRUE,TRUE,FALSE,FALSE,TRUE,FALSE,TRUE,,,,,,,,,,
TRUE,FALSE,TRUE,FALSE,FALSE,TRUE,TRUE,FALSE,,FALSE,TRUE,FALSE,FALSE,FALSE,FALSE,FALSE,FALSE,,,,FALSE,FALSE,FALSE,FALSE,FALSE,FALSE,FALSE,FALSE,FALSE,,TRUE,TRUE,TRUE,FALSE,FALSE,TRUE,TRUE,FALSE,,,,,,,,,,
TRUE,FALSE,TRUE,FALSE,FALSE,TRUE,TRUE,TRUE,,FALSE,TRUE,FALSE,FALSE,FALSE,FALSE,FALSE,FALSE,,,,FALSE,FALSE,FALSE,FALSE,FALSE,FALSE,FALSE,FALSE,FALSE,,TRUE,TRUE,TRUE,FALSE,FALSE,TRUE,TRUE,TRUE,,,,,,,,,,
TRUE,FALSE,TRUE,FALSE,TRUE,FALSE,FALSE,FALSE,,FALSE,TRUE,FALSE,FALSE,FALSE,FALSE,FALSE,FALSE,,,,FALSE,FALSE,FALSE,FALSE,FALSE,FALSE,FALSE,FALSE,FALSE,,TRUE,TRUE,TRUE,FALSE,TRUE,FALSE,FALSE,FALSE,,,,,,,,,,
TRUE,FALSE,TRUE,FALSE,TRUE,FALSE,FALSE,TRUE,,FALSE,TRUE,FALSE,FALSE,FALSE,FALSE,FALSE,FALSE,,,,FALSE,FALSE,FALSE,FALSE,FALSE,FALSE,FALSE,FALSE,FALSE,,TRUE,TRUE,TRUE,FALSE,TRUE,FALSE,FALSE,TRUE,,,,,,,,,,
TRUE,FALSE,TRUE,FALSE,TRUE,FALSE,TRUE,FALSE,,FALSE,TRUE,FALSE,FALSE,FALSE,FALSE,FALSE,FALSE,,,,FALSE,FALSE,FALSE,FALSE,FALSE,FALSE,FALSE,FALSE,FALSE,,TRUE,TRUE,TRUE,FALSE,TRUE,FALSE,TRUE,FALSE,,,,,,,,,,
TRUE,FALSE,TRUE,FALSE,TRUE,FALSE,TRUE,TRUE,,FALSE,TRUE,FALSE,FALSE,FALSE,FALSE,FALSE,FALSE,,,,FALSE,FALSE,FALSE,FALSE,FALSE,FALSE,FALSE,FALSE,FALSE,,TRUE,TRUE,TRUE,FALSE,TRUE,FALSE,TRUE,TRUE,,,,,,,,,,
TRUE,FALSE,TRUE,FALSE,TRUE,TRUE,FALSE,FALSE,,FALSE,TRUE,FALSE,FALSE,FALSE,FALSE,FALSE,FALSE,,,,FALSE,FALSE,FALSE,FALSE,FALSE,FALSE,FALSE,FALSE,FALSE,,TRUE,TRUE,TRUE,FALSE,TRUE,TRUE,FALSE,FALSE,,,,,,,,,,
TRUE,FALSE,TRUE,FALSE,TRUE,TRUE,FALSE,TRUE,,FALSE,TRUE,FALSE,FALSE,FALSE,FALSE,FALSE,FALSE,,,,FALSE,FALSE,FALSE,FALSE,FALSE,FALSE,FALSE,FALSE,FALSE,,TRUE,TRUE,TRUE,FALSE,TRUE,TRUE,FALSE,TRUE,,,,,,,,,,
TRUE,FALSE,TRUE,FALSE,TRUE,TRUE,TRUE,FALSE,,FALSE,TRUE,FALSE,FALSE,FALSE,FALSE,FALSE,FALSE,,,,FALSE,FALSE,FALSE,FALSE,FALSE,FALSE,FALSE,FALSE,FALSE,,TRUE,TRUE,TRUE,FALSE,TRUE,TRUE,TRUE,FALSE,,,,,,,,,,
TRUE,FALSE,TRUE,FALSE,TRUE,TRUE,TRUE,TRUE,,FALSE,TRUE,FALSE,FALSE,FALSE,FALSE,FALSE,FALSE,,,,FALSE,FALSE,FALSE,FALSE,FALSE,FALSE,FALSE,FALSE,FALSE,,TRUE,TRUE,TRUE,FALSE,TRUE,TRUE,TRUE,TRUE,,,,,,,,,,
TRUE,FALSE,TRUE,TRUE,FALSE,FALSE,FALSE,FALSE,,FALSE,TRUE,FALSE,FALSE,FALSE,FALSE,FALSE,FALSE,,,,FALSE,FALSE,FALSE,FALSE,FALSE,FALSE,FALSE,FALSE,FALSE,,TRUE,TRUE,TRUE,TRUE,FALSE,FALSE,FALSE,FALSE,,,,,,,,,,
TRUE,FALSE,TRUE,TRUE,FALSE,FALSE,FALSE,TRUE,,FALSE,TRUE,FALSE,FALSE,FALSE,FALSE,FALSE,FALSE,,,,FALSE,FALSE,FALSE,FALSE,FALSE,FALSE,FALSE,FALSE,FALSE,,TRUE,TRUE,TRUE,TRUE,FALSE,FALSE,FALSE,TRUE,,,,,,,,,,
TRUE,FALSE,TRUE,TRUE,FALSE,FALSE,TRUE,FALSE,,FALSE,TRUE,FALSE,FALSE,FALSE,FALSE,FALSE,FALSE,,,,FALSE,FALSE,FALSE,FALSE,FALSE,FALSE,FALSE,FALSE,FALSE,,TRUE,TRUE,TRUE,TRUE,FALSE,FALSE,TRUE,FALSE,,,,,,,,,,
TRUE,FALSE,TRUE,TRUE,FALSE,FALSE,TRUE,TRUE,,FALSE,TRUE,FALSE,FALSE,FALSE,FALSE,FALSE,FALSE,,,,FALSE,FALSE,FALSE,FALSE,FALSE,FALSE,FALSE,FALSE,FALSE,,TRUE,TRUE,TRUE,TRUE,FALSE,FALSE,TRUE,TRUE,,,,,,,,,,
TRUE,FALSE,TRUE,TRUE,FALSE,TRUE,FALSE,FALSE,,FALSE,TRUE,FALSE,FALSE,FALSE,FALSE,FALSE,FALSE,,,,FALSE,FALSE,FALSE,FALSE,FALSE,FALSE,FALSE,FALSE,FALSE,,TRUE,TRUE,TRUE,TRUE,FALSE,TRUE,FALSE,FALSE,,,,,,,,,,
TRUE,FALSE,TRUE,TRUE,FALSE,TRUE,FALSE,TRUE,,FALSE,TRUE,FALSE,FALSE,FALSE,FALSE,FALSE,FALSE,,,,FALSE,FALSE,FALSE,FALSE,FALSE,FALSE,FALSE,FALSE,FALSE,,TRUE,TRUE,TRUE,TRUE,FALSE,TRUE,FALSE,TRUE,,,,,,,,,,
TRUE,FALSE,TRUE,TRUE,FALSE,TRUE,TRUE,FALSE,,FALSE,TRUE,FALSE,FALSE,FALSE,FALSE,FALSE,FALSE,,,,FALSE,FALSE,FALSE,FALSE,FALSE,FALSE,FALSE,FALSE,FALSE,,TRUE,TRUE,TRUE,TRUE,FALSE,TRUE,TRUE,FALSE,,,,,,,,,,
TRUE,FALSE,TRUE,TRUE,FALSE,TRUE,TRUE,TRUE,,FALSE,TRUE,FALSE,FALSE,FALSE,FALSE,FALSE,FALSE,,,,FALSE,FALSE,FALSE,FALSE,FALSE,FALSE,FALSE,FALSE,FALSE,,TRUE,TRUE,TRUE,TRUE,FALSE,TRUE,TRUE,TRUE,,,,,,,,,,
TRUE,FALSE,TRUE,TRUE,TRUE,FALSE,FALSE,FALSE,,FALSE,TRUE,FALSE,FALSE,FALSE,FALSE,FALSE,FALSE,,,,FALSE,FALSE,FALSE,FALSE,FALSE,FALSE,FALSE,FALSE,FALSE,,TRUE,TRUE,TRUE,TRUE,TRUE,FALSE,FALSE,FALSE,,,,,,,,,,
TRUE,FALSE,TRUE,TRUE,TRUE,FALSE,FALSE,TRUE,,FALSE,TRUE,FALSE,FALSE,FALSE,FALSE,FALSE,FALSE,,,,FALSE,FALSE,FALSE,FALSE,FALSE,FALSE,FALSE,FALSE,FALSE,,TRUE,TRUE,TRUE,TRUE,TRUE,FALSE,FALSE,TRUE,,,,,,,,,,
TRUE,FALSE,TRUE,TRUE,TRUE,FALSE,TRUE,FALSE,,FALSE,TRUE,FALSE,FALSE,FALSE,FALSE,FALSE,FALSE,,,,FALSE,FALSE,FALSE,FALSE,FALSE,FALSE,FALSE,FALSE,FALSE,,TRUE,TRUE,TRUE,TRUE,TRUE,FALSE,TRUE,FALSE,,,,,,,,,,
TRUE,FALSE,TRUE,TRUE,TRUE,FALSE,TRUE,TRUE,,FALSE,TRUE,FALSE,FALSE,FALSE,FALSE,FALSE,FALSE,,,,FALSE,FALSE,FALSE,FALSE,FALSE,FALSE,FALSE,FALSE,FALSE,,TRUE,TRUE,TRUE,TRUE,TRUE,FALSE,TRUE,TRUE,,,,,,,,,,
TRUE,FALSE,TRUE,TRUE,TRUE,TRUE,FALSE,FALSE,,FALSE,TRUE,FALSE,FALSE,FALSE,FALSE,FALSE,FALSE,,,,FALSE,FALSE,FALSE,FALSE,FALSE,FALSE,FALSE,FALSE,FALSE,,TRUE,TRUE,TRUE,TRUE,TRUE,TRUE,FALSE,FALSE,,,,,,,,,,
TRUE,FALSE,TRUE,TRUE,TRUE,TRUE,FALSE,TRUE,,FALSE,TRUE,FALSE,FALSE,FALSE,FALSE,FALSE,FALSE,,,,FALSE,FALSE,FALSE,FALSE,FALSE,FALSE,FALSE,FALSE,FALSE,,TRUE,TRUE,TRUE,TRUE,TRUE,TRUE,FALSE,TRUE,,,,,,,,,,
TRUE,FALSE,TRUE,TRUE,TRUE,TRUE,TRUE,FALSE,,FALSE,TRUE,FALSE,FALSE,FALSE,FALSE,FALSE,FALSE,,,,FALSE,FALSE,FALSE,FALSE,FALSE,FALSE,FALSE,FALSE,FALSE,,TRUE,TRUE,TRUE,TRUE,TRUE,TRUE,TRUE,FALSE,,,,,,,,,,
TRUE,FALSE,TRUE,TRUE,TRUE,TRUE,TRUE,TRUE,,FALSE,TRUE,FALSE,FALSE,FALSE,FALSE,FALSE,FALSE,,,,FALSE,FALSE,FALSE,FALSE,FALSE,FALSE,FALSE,FALSE,FALSE,,TRUE,TRUE,TRUE,TRUE,TRUE,TRUE,TRUE,TRUE,,,,,,,,,,
TRUE,TRUE,FALSE,FALSE,FALSE,FALSE,FALSE,FALSE,,FALSE,TRUE,FALSE,FALSE,FALSE,FALSE,FALSE,FALSE,,,,TRUE,TRUE,FALSE,FALSE,FALSE,FALSE,FALSE,FALSE,FALSE,,FALSE,TRUE,FALSE,FALSE,FALSE,FALSE,FALSE,FALSE,,,,,,,,,,
TRUE,TRUE,FALSE,FALSE,FALSE,FALSE,FALSE,TRUE,,FALSE,TRUE,FALSE,FALSE,FALSE,FALSE,FALSE,FALSE,,,,TRUE,TRUE,FALSE,FALSE,FALSE,FALSE,FALSE,FALSE,FALSE,,FALSE,TRUE,FALSE,FALSE,FALSE,FALSE,FALSE,TRUE,,,,,,,,,,
TRUE,TRUE,FALSE,FALSE,FALSE,FALSE,TRUE,FALSE,,FALSE,TRUE,FALSE,FALSE,FALSE,FALSE,FALSE,FALSE,,,,TRUE,TRUE,FALSE,FALSE,FALSE,FALSE,FALSE,FALSE,FALSE,,FALSE,TRUE,FALSE,FALSE,FALSE,FALSE,TRUE,FALSE,,,,,,,,,,
TRUE,TRUE,FALSE,FALSE,FALSE,FALSE,TRUE,TRUE,,FALSE,TRUE,FALSE,FALSE,FALSE,FALSE,FALSE,FALSE,,,,TRUE,TRUE,FALSE,FALSE,FALSE,FALSE,FALSE,FALSE,FALSE,,FALSE,TRUE,FALSE,FALSE,FALSE,FALSE,TRUE,TRUE,,,,,,,,,,
TRUE,TRUE,FALSE,FALSE,FALSE,TRUE,FALSE,FALSE,,FALSE,TRUE,FALSE,FALSE,FALSE,FALSE,FALSE,FALSE,,,,TRUE,TRUE,FALSE,FALSE,FALSE,FALSE,FALSE,FALSE,FALSE,,FALSE,TRUE,FALSE,FALSE,FALSE,TRUE,FALSE,FALSE,,,,,,,,,,
TRUE,TRUE,FALSE,FALSE,FALSE,TRUE,FALSE,TRUE,,FALSE,TRUE,FALSE,FALSE,FALSE,FALSE,FALSE,FALSE,,,,TRUE,TRUE,FALSE,FALSE,FALSE,FALSE,FALSE,FALSE,FALSE,,FALSE,TRUE,FALSE,FALSE,FALSE,TRUE,FALSE,TRUE,,,,,,,,,,
TRUE,TRUE,FALSE,FALSE,FALSE,TRUE,TRUE,FALSE,,FALSE,TRUE,FALSE,FALSE,FALSE,FALSE,FALSE,FALSE,,,,TRUE,TRUE,FALSE,FALSE,FALSE,FALSE,FALSE,FALSE,FALSE,,FALSE,TRUE,FALSE,FALSE,FALSE,TRUE,TRUE,FALSE,,,,,,,,,,
TRUE,TRUE,FALSE,FALSE,FALSE,TRUE,TRUE,TRUE,,FALSE,TRUE,FALSE,FALSE,FALSE,FALSE,FALSE,FALSE,,,,TRUE,TRUE,FALSE,FALSE,FALSE,FALSE,FALSE,FALSE,FALSE,,FALSE,TRUE,FALSE,FALSE,FALSE,TRUE,TRUE,TRUE,,,,,,,,,,
TRUE,TRUE,FALSE,FALSE,TRUE,FALSE,FALSE,FALSE,,FALSE,TRUE,FALSE,FALSE,FALSE,FALSE,FALSE,FALSE,,,,TRUE,TRUE,FALSE,FALSE,FALSE,FALSE,FALSE,FALSE,FALSE,,FALSE,TRUE,FALSE,FALSE,TRUE,FALSE,FALSE,FALSE,,,,,,,,,,
TRUE,TRUE,FALSE,FALSE,TRUE,FALSE,FALSE,TRUE,,FALSE,TRUE,FALSE,FALSE,FALSE,FALSE,FALSE,FALSE,,,,TRUE,TRUE,FALSE,FALSE,FALSE,FALSE,FALSE,FALSE,FALSE,,FALSE,TRUE,FALSE,FALSE,TRUE,FALSE,FALSE,TRUE,,,,,,,,,,
TRUE,TRUE,FALSE,FALSE,TRUE,FALSE,TRUE,FALSE,,FALSE,TRUE,FALSE,FALSE,FALSE,FALSE,FALSE,FALSE,,,,TRUE,TRUE,FALSE,FALSE,FALSE,FALSE,FALSE,FALSE,FALSE,,FALSE,TRUE,FALSE,FALSE,TRUE,FALSE,TRUE,FALSE,,,,,,,,,,
TRUE,TRUE,FALSE,FALSE,TRUE,FALSE,TRUE,TRUE,,FALSE,TRUE,FALSE,FALSE,FALSE,FALSE,FALSE,FALSE,,,,TRUE,TRUE,FALSE,FALSE,FALSE,FALSE,FALSE,FALSE,FALSE,,FALSE,TRUE,FALSE,FALSE,TRUE,FALSE,TRUE,TRUE,,,,,,,,,,
TRUE,TRUE,FALSE,FALSE,TRUE,TRUE,FALSE,FALSE,,FALSE,TRUE,FALSE,FALSE,FALSE,FALSE,FALSE,FALSE,,,,TRUE,TRUE,FALSE,FALSE,FALSE,FALSE,FALSE,FALSE,FALSE,,FALSE,TRUE,FALSE,FALSE,TRUE,TRUE,FALSE,FALSE,,,,,,,,,,
TRUE,TRUE,FALSE,FALSE,TRUE,TRUE,FALSE,TRUE,,FALSE,TRUE,FALSE,FALSE,FALSE,FALSE,FALSE,FALSE,,,,TRUE,TRUE,FALSE,FALSE,FALSE,FALSE,FALSE,FALSE,FALSE,,FALSE,TRUE,FALSE,FALSE,TRUE,TRUE,FALSE,TRUE,,,,,,,,,,
TRUE,TRUE,FALSE,FALSE,TRUE,TRUE,TRUE,FALSE,,FALSE,TRUE,FALSE,FALSE,FALSE,FALSE,FALSE,FALSE,,,,TRUE,TRUE,FALSE,FALSE,FALSE,FALSE,FALSE,FALSE,FALSE,,FALSE,TRUE,FALSE,FALSE,TRUE,TRUE,TRUE,FALSE,,,,,,,,,,
TRUE,TRUE,FALSE,FALSE,TRUE,TRUE,TRUE,TRUE,,FALSE,TRUE,FALSE,FALSE,FALSE,FALSE,FALSE,FALSE,,,,TRUE,TRUE,FALSE,FALSE,FALSE,FALSE,FALSE,FALSE,FALSE,,FALSE,TRUE,FALSE,FALSE,TRUE,TRUE,TRUE,TRUE,,,,,,,,,,
TRUE,TRUE,FALSE,TRUE,FALSE,FALSE,FALSE,FALSE,,FALSE,TRUE,FALSE,FALSE,FALSE,FALSE,FALSE,FALSE,,,,TRUE,TRUE,FALSE,FALSE,FALSE,FALSE,FALSE,FALSE,FALSE,,FALSE,TRUE,FALSE,TRUE,FALSE,FALSE,FALSE,FALSE,,,,,,,,,,
TRUE,TRUE,FALSE,TRUE,FALSE,FALSE,FALSE,TRUE,,FALSE,TRUE,FALSE,FALSE,FALSE,FALSE,FALSE,FALSE,,,,TRUE,TRUE,FALSE,FALSE,FALSE,FALSE,FALSE,FALSE,FALSE,,FALSE,TRUE,FALSE,TRUE,FALSE,FALSE,FALSE,TRUE,,,,,,,,,,
TRUE,TRUE,FALSE,TRUE,FALSE,FALSE,TRUE,FALSE,,FALSE,TRUE,FALSE,FALSE,FALSE,FALSE,FALSE,FALSE,,,,TRUE,TRUE,FALSE,FALSE,FALSE,FALSE,FALSE,FALSE,FALSE,,FALSE,TRUE,FALSE,TRUE,FALSE,FALSE,TRUE,FALSE,,,,,,,,,,
TRUE,TRUE,FALSE,TRUE,FALSE,FALSE,TRUE,TRUE,,FALSE,TRUE,FALSE,FALSE,FALSE,FALSE,FALSE,FALSE,,,,TRUE,TRUE,FALSE,FALSE,FALSE,FALSE,FALSE,FALSE,FALSE,,FALSE,TRUE,FALSE,TRUE,FALSE,FALSE,TRUE,TRUE,,,,,,,,,,
TRUE,TRUE,FALSE,TRUE,FALSE,TRUE,FALSE,FALSE,,FALSE,TRUE,FALSE,FALSE,FALSE,FALSE,FALSE,FALSE,,,,TRUE,TRUE,FALSE,FALSE,FALSE,FALSE,FALSE,FALSE,FALSE,,FALSE,TRUE,FALSE,TRUE,FALSE,TRUE,FALSE,FALSE,,,,,,,,,,
TRUE,TRUE,FALSE,TRUE,FALSE,TRUE,FALSE,TRUE,,FALSE,TRUE,FALSE,FALSE,FALSE,FALSE,FALSE,FALSE,,,,TRUE,TRUE,FALSE,FALSE,FALSE,FALSE,FALSE,FALSE,FALSE,,FALSE,TRUE,FALSE,TRUE,FALSE,TRUE,FALSE,TRUE,,,,,,,,,,
TRUE,TRUE,FALSE,TRUE,FALSE,TRUE,TRUE,FALSE,,FALSE,TRUE,FALSE,FALSE,FALSE,FALSE,FALSE,FALSE,,,,TRUE,TRUE,FALSE,FALSE,FALSE,FALSE,FALSE,FALSE,FALSE,,FALSE,TRUE,FALSE,TRUE,FALSE,TRUE,TRUE,FALSE,,,,,,,,,,
TRUE,TRUE,FALSE,TRUE,FALSE,TRUE,TRUE,TRUE,,FALSE,TRUE,FALSE,FALSE,FALSE,FALSE,FALSE,FALSE,,,,TRUE,TRUE,FALSE,FALSE,FALSE,FALSE,FALSE,FALSE,FALSE,,FALSE,TRUE,FALSE,TRUE,FALSE,TRUE,TRUE,TRUE,,,,,,,,,,
TRUE,TRUE,FALSE,TRUE,TRUE,FALSE,FALSE,FALSE,,FALSE,TRUE,FALSE,FALSE,FALSE,FALSE,FALSE,FALSE,,,,TRUE,TRUE,FALSE,FALSE,FALSE,FALSE,FALSE,FALSE,FALSE,,FALSE,TRUE,FALSE,TRUE,TRUE,FALSE,FALSE,FALSE,,,,,,,,,,
TRUE,TRUE,FALSE,TRUE,TRUE,FALSE,FALSE,TRUE,,FALSE,TRUE,FALSE,FALSE,FALSE,FALSE,FALSE,FALSE,,,,TRUE,TRUE,FALSE,FALSE,FALSE,FALSE,FALSE,FALSE,FALSE,,FALSE,TRUE,FALSE,TRUE,TRUE,FALSE,FALSE,TRUE,,,,,,,,,,
TRUE,TRUE,FALSE,TRUE,TRUE,FALSE,TRUE,FALSE,,FALSE,TRUE,FALSE,FALSE,FALSE,FALSE,FALSE,FALSE,,,,TRUE,TRUE,FALSE,FALSE,FALSE,FALSE,FALSE,FALSE,FALSE,,FALSE,TRUE,FALSE,TRUE,TRUE,FALSE,TRUE,FALSE,,,,,,,,,,
TRUE,TRUE,FALSE,TRUE,TRUE,FALSE,TRUE,TRUE,,FALSE,TRUE,FALSE,FALSE,FALSE,FALSE,FALSE,FALSE,,,,TRUE,TRUE,FALSE,FALSE,FALSE,FALSE,FALSE,FALSE,FALSE,,FALSE,TRUE,FALSE,TRUE,TRUE,FALSE,TRUE,TRUE,,,,,,,,,,
TRUE,TRUE,FALSE,TRUE,TRUE,TRUE,FALSE,FALSE,,FALSE,TRUE,FALSE,FALSE,FALSE,FALSE,FALSE,FALSE,,,,TRUE,TRUE,FALSE,FALSE,FALSE,FALSE,FALSE,FALSE,FALSE,,FALSE,TRUE,FALSE,TRUE,TRUE,TRUE,FALSE,FALSE,,,,,,,,,,
TRUE,TRUE,FALSE,TRUE,TRUE,TRUE,FALSE,TRUE,,FALSE,TRUE,FALSE,FALSE,FALSE,FALSE,FALSE,FALSE,,,,TRUE,TRUE,FALSE,FALSE,FALSE,FALSE,FALSE,FALSE,FALSE,,FALSE,TRUE,FALSE,TRUE,TRUE,TRUE,FALSE,TRUE,,,,,,,,,,
TRUE,TRUE,FALSE,TRUE,TRUE,TRUE,TRUE,FALSE,,FALSE,TRUE,FALSE,FALSE,FALSE,FALSE,FALSE,FALSE,,,,TRUE,TRUE,FALSE,FALSE,FALSE,FALSE,FALSE,FALSE,FALSE,,FALSE,TRUE,FALSE,TRUE,TRUE,TRUE,TRUE,FALSE,,,,,,,,,,
TRUE,TRUE,FALSE,TRUE,TRUE,TRUE,TRUE,TRUE,,FALSE,TRUE,FALSE,FALSE,FALSE,FALSE,FALSE,FALSE,,,,TRUE,TRUE,FALSE,FALSE,FALSE,FALSE,FALSE,FALSE,FALSE,,FALSE,TRUE,FALSE,TRUE,TRUE,TRUE,TRUE,TRUE,,,,,,,,,,
TRUE,TRUE,TRUE,FALSE,FALSE,FALSE,FALSE,FALSE,,FALSE,TRUE,FALSE,FALSE,FALSE,FALSE,FALSE,FALSE,,,,TRUE,TRUE,FALSE,FALSE,FALSE,FALSE,FALSE,FALSE,FALSE,,FALSE,TRUE,TRUE,FALSE,FALSE,FALSE,FALSE,FALSE,,,,,,,,,,
TRUE,TRUE,TRUE,FALSE,FALSE,FALSE,FALSE,TRUE,,FALSE,TRUE,FALSE,FALSE,FALSE,FALSE,FALSE,FALSE,,,,TRUE,TRUE,FALSE,FALSE,FALSE,FALSE,FALSE,FALSE,FALSE,,FALSE,TRUE,TRUE,FALSE,FALSE,FALSE,FALSE,TRUE,,,,,,,,,,
TRUE,TRUE,TRUE,FALSE,FALSE,FALSE,TRUE,FALSE,,FALSE,TRUE,FALSE,FALSE,FALSE,FALSE,FALSE,FALSE,,,,TRUE,TRUE,FALSE,FALSE,FALSE,FALSE,FALSE,FALSE,FALSE,,FALSE,TRUE,TRUE,FALSE,FALSE,FALSE,TRUE,FALSE,,,,,,,,,,
TRUE,TRUE,TRUE,FALSE,FALSE,FALSE,TRUE,TRUE,,FALSE,TRUE,FALSE,FALSE,FALSE,FALSE,FALSE,FALSE,,,,TRUE,TRUE,FALSE,FALSE,FALSE,FALSE,FALSE,FALSE,FALSE,,FALSE,TRUE,TRUE,FALSE,FALSE,FALSE,TRUE,TRUE,,,,,,,,,,
TRUE,TRUE,TRUE,FALSE,FALSE,TRUE,FALSE,FALSE,,FALSE,TRUE,FALSE,FALSE,FALSE,FALSE,FALSE,FALSE,,,,TRUE,TRUE,FALSE,FALSE,FALSE,FALSE,FALSE,FALSE,FALSE,,FALSE,TRUE,TRUE,FALSE,FALSE,TRUE,FALSE,FALSE,,,,,,,,,,
TRUE,TRUE,TRUE,FALSE,FALSE,TRUE,FALSE,TRUE,,FALSE,TRUE,FALSE,FALSE,FALSE,FALSE,FALSE,FALSE,,,,TRUE,TRUE,FALSE,FALSE,FALSE,FALSE,FALSE,FALSE,FALSE,,FALSE,TRUE,TRUE,FALSE,FALSE,TRUE,FALSE,TRUE,,,,,,,,,,
TRUE,TRUE,TRUE,FALSE,FALSE,TRUE,TRUE,FALSE,,FALSE,TRUE,FALSE,FALSE,FALSE,FALSE,FALSE,FALSE,,,,TRUE,TRUE,FALSE,FALSE,FALSE,FALSE,FALSE,FALSE,FALSE,,FALSE,TRUE,TRUE,FALSE,FALSE,TRUE,TRUE,FALSE,,,,,,,,,,
TRUE,TRUE,TRUE,FALSE,FALSE,TRUE,TRUE,TRUE,,FALSE,TRUE,FALSE,FALSE,FALSE,FALSE,FALSE,FALSE,,,,TRUE,TRUE,FALSE,FALSE,FALSE,FALSE,FALSE,FALSE,FALSE,,FALSE,TRUE,TRUE,FALSE,FALSE,TRUE,TRUE,TRUE,,,,,,,,,,
TRUE,TRUE,TRUE,FALSE,TRUE,FALSE,FALSE,FALSE,,FALSE,TRUE,FALSE,FALSE,FALSE,FALSE,FALSE,FALSE,,,,TRUE,TRUE,FALSE,FALSE,FALSE,FALSE,FALSE,FALSE,FALSE,,FALSE,TRUE,TRUE,FALSE,TRUE,FALSE,FALSE,FALSE,,,,,,,,,,
TRUE,TRUE,TRUE,FALSE,TRUE,FALSE,FALSE,TRUE,,FALSE,TRUE,FALSE,FALSE,FALSE,FALSE,FALSE,FALSE,,,,TRUE,TRUE,FALSE,FALSE,FALSE,FALSE,FALSE,FALSE,FALSE,,FALSE,TRUE,TRUE,FALSE,TRUE,FALSE,FALSE,TRUE,,,,,,,,,,
TRUE,TRUE,TRUE,FALSE,TRUE,FALSE,TRUE,FALSE,,FALSE,TRUE,FALSE,FALSE,FALSE,FALSE,FALSE,FALSE,,,,TRUE,TRUE,FALSE,FALSE,FALSE,FALSE,FALSE,FALSE,FALSE,,FALSE,TRUE,TRUE,FALSE,TRUE,FALSE,TRUE,FALSE,,,,,,,,,,
TRUE,TRUE,TRUE,FALSE,TRUE,FALSE,TRUE,TRUE,,FALSE,TRUE,FALSE,FALSE,FALSE,FALSE,FALSE,FALSE,,,,TRUE,TRUE,FALSE,FALSE,FALSE,FALSE,FALSE,FALSE,FALSE,,FALSE,TRUE,TRUE,FALSE,TRUE,FALSE,TRUE,TRUE,,,,,,,,,,
TRUE,TRUE,TRUE,FALSE,TRUE,TRUE,FALSE,FALSE,,FALSE,TRUE,FALSE,FALSE,FALSE,FALSE,FALSE,FALSE,,,,TRUE,TRUE,FALSE,FALSE,FALSE,FALSE,FALSE,FALSE,FALSE,,FALSE,TRUE,TRUE,FALSE,TRUE,TRUE,FALSE,FALSE,,,,,,,,,,
TRUE,TRUE,TRUE,FALSE,TRUE,TRUE,FALSE,TRUE,,FALSE,TRUE,FALSE,FALSE,FALSE,FALSE,FALSE,FALSE,,,,TRUE,TRUE,FALSE,FALSE,FALSE,FALSE,FALSE,FALSE,FALSE,,FALSE,TRUE,TRUE,FALSE,TRUE,TRUE,FALSE,TRUE,,,,,,,,,,
TRUE,TRUE,TRUE,FALSE,TRUE,TRUE,TRUE,FALSE,,FALSE,TRUE,FALSE,FALSE,FALSE,FALSE,FALSE,FALSE,,,,TRUE,TRUE,FALSE,FALSE,FALSE,FALSE,FALSE,FALSE,FALSE,,FALSE,TRUE,TRUE,FALSE,TRUE,TRUE,TRUE,FALSE,,,,,,,,,,
TRUE,TRUE,TRUE,FALSE,TRUE,TRUE,TRUE,TRUE,,FALSE,TRUE,FALSE,FALSE,FALSE,FALSE,FALSE,FALSE,,,,TRUE,TRUE,FALSE,FALSE,FALSE,FALSE,FALSE,FALSE,FALSE,,FALSE,TRUE,TRUE,FALSE,TRUE,TRUE,TRUE,TRUE,,,,,,,,,,
TRUE,TRUE,TRUE,TRUE,FALSE,FALSE,FALSE,FALSE,,FALSE,TRUE,FALSE,FALSE,FALSE,FALSE,FALSE,FALSE,,,,TRUE,TRUE,FALSE,FALSE,FALSE,FALSE,FALSE,FALSE,FALSE,,FALSE,TRUE,TRUE,TRUE,FALSE,FALSE,FALSE,FALSE,,,,,,,,,,
TRUE,TRUE,TRUE,TRUE,FALSE,FALSE,FALSE,TRUE,,FALSE,TRUE,FALSE,FALSE,FALSE,FALSE,FALSE,FALSE,,,,TRUE,TRUE,FALSE,FALSE,FALSE,FALSE,FALSE,FALSE,FALSE,,FALSE,TRUE,TRUE,TRUE,FALSE,FALSE,FALSE,TRUE,,,,,,,,,,
TRUE,TRUE,TRUE,TRUE,FALSE,FALSE,TRUE,FALSE,,FALSE,TRUE,FALSE,FALSE,FALSE,FALSE,FALSE,FALSE,,,,TRUE,TRUE,FALSE,FALSE,FALSE,FALSE,FALSE,FALSE,FALSE,,FALSE,TRUE,TRUE,TRUE,FALSE,FALSE,TRUE,FALSE,,,,,,,,,,
TRUE,TRUE,TRUE,TRUE,FALSE,FALSE,TRUE,TRUE,,FALSE,TRUE,FALSE,FALSE,FALSE,FALSE,FALSE,FALSE,,,,TRUE,TRUE,FALSE,FALSE,FALSE,FALSE,FALSE,FALSE,FALSE,,FALSE,TRUE,TRUE,TRUE,FALSE,FALSE,TRUE,TRUE,,,,,,,,,,
TRUE,TRUE,TRUE,TRUE,FALSE,TRUE,FALSE,FALSE,,FALSE,TRUE,FALSE,FALSE,FALSE,FALSE,FALSE,FALSE,,,,TRUE,TRUE,FALSE,FALSE,FALSE,FALSE,FALSE,FALSE,FALSE,,FALSE,TRUE,TRUE,TRUE,FALSE,TRUE,FALSE,FALSE,,,,,,,,,,
TRUE,TRUE,TRUE,TRUE,FALSE,TRUE,FALSE,TRUE,,FALSE,TRUE,FALSE,FALSE,FALSE,FALSE,FALSE,FALSE,,,,TRUE,TRUE,FALSE,FALSE,FALSE,FALSE,FALSE,FALSE,FALSE,,FALSE,TRUE,TRUE,TRUE,FALSE,TRUE,FALSE,TRUE,,,,,,,,,,
TRUE,TRUE,TRUE,TRUE,FALSE,TRUE,TRUE,FALSE,,FALSE,TRUE,FALSE,FALSE,FALSE,FALSE,FALSE,FALSE,,,,TRUE,TRUE,FALSE,FALSE,FALSE,FALSE,FALSE,FALSE,FALSE,,FALSE,TRUE,TRUE,TRUE,FALSE,TRUE,TRUE,FALSE,,,,,,,,,,
TRUE,TRUE,TRUE,TRUE,FALSE,TRUE,TRUE,TRUE,,FALSE,TRUE,FALSE,FALSE,FALSE,FALSE,FALSE,FALSE,,,,TRUE,TRUE,FALSE,FALSE,FALSE,FALSE,FALSE,FALSE,FALSE,,FALSE,TRUE,TRUE,TRUE,FALSE,TRUE,TRUE,TRUE,,,,,,,,,,
TRUE,TRUE,TRUE,TRUE,TRUE,FALSE,FALSE,FALSE,,FALSE,TRUE,FALSE,FALSE,FALSE,FALSE,FALSE,FALSE,,,,TRUE,TRUE,FALSE,FALSE,FALSE,FALSE,FALSE,FALSE,FALSE,,FALSE,TRUE,TRUE,TRUE,TRUE,FALSE,FALSE,FALSE,,,,,,,,,,
TRUE,TRUE,TRUE,TRUE,TRUE,FALSE,FALSE,TRUE,,FALSE,TRUE,FALSE,FALSE,FALSE,FALSE,FALSE,FALSE,,,,TRUE,TRUE,FALSE,FALSE,FALSE,FALSE,FALSE,FALSE,FALSE,,FALSE,TRUE,TRUE,TRUE,TRUE,FALSE,FALSE,TRUE,,,,,,,,,,
TRUE,TRUE,TRUE,TRUE,TRUE,FALSE,TRUE,FALSE,,FALSE,TRUE,FALSE,FALSE,FALSE,FALSE,FALSE,FALSE,,,,TRUE,TRUE,FALSE,FALSE,FALSE,FALSE,FALSE,FALSE,FALSE,,FALSE,TRUE,TRUE,TRUE,TRUE,FALSE,TRUE,FALSE,,,,,,,,,,
TRUE,TRUE,TRUE,TRUE,TRUE,FALSE,TRUE,TRUE,,FALSE,TRUE,FALSE,FALSE,FALSE,FALSE,FALSE,FALSE,,,,TRUE,TRUE,FALSE,FALSE,FALSE,FALSE,FALSE,FALSE,FALSE,,FALSE,TRUE,TRUE,TRUE,TRUE,FALSE,TRUE,TRUE,,,,,,,,,,
TRUE,TRUE,TRUE,TRUE,TRUE,TRUE,FALSE,FALSE,,FALSE,TRUE,FALSE,FALSE,FALSE,FALSE,FALSE,FALSE,,,,TRUE,TRUE,FALSE,FALSE,FALSE,FALSE,FALSE,FALSE,FALSE,,FALSE,TRUE,TRUE,TRUE,TRUE,TRUE,FALSE,FALSE,,,,,,,,,,
TRUE,TRUE,TRUE,TRUE,TRUE,TRUE,FALSE,TRUE,,FALSE,TRUE,FALSE,FALSE,FALSE,FALSE,FALSE,FALSE,,,,TRUE,TRUE,FALSE,FALSE,FALSE,FALSE,FALSE,FALSE,FALSE,,FALSE,TRUE,TRUE,TRUE,TRUE,TRUE,FALSE,TRUE,,,,,,,,,,
TRUE,TRUE,TRUE,TRUE,TRUE,TRUE,TRUE,FALSE,,FALSE,TRUE,FALSE,FALSE,FALSE,FALSE,FALSE,FALSE,,,,TRUE,TRUE,FALSE,FALSE,FALSE,FALSE,FALSE,FALSE,FALSE,,FALSE,TRUE,TRUE,TRUE,TRUE,TRUE,TRUE,FALSE,,,,,,,,,,
TRUE,TRUE,TRUE,TRUE,TRUE,TRUE,TRUE,TRUE,,FALSE,TRUE,FALSE,FALSE,FALSE,FALSE,FALSE,FALSE,,,,TRUE,TRUE,FALSE,FALSE,FALSE,FALSE,FALSE,FALSE,FALSE,,FALSE,TRUE,TRUE,TRUE,TRUE,TRUE,TRUE,TRUE,,,,,,,,,,
